Unnamed: 0,Player Name,Salary,Position,Age,Team,GP,MP,FG,FGA,FG%,3P,3PA,3,2P,2PA,2,FT,FTA,FT%,ORB,DRB,TRB,AST,STL,BLK,TOV,PTS,Total Minutes
0.0,Stephen Curry,48070014.0,PG,34.0,GSW,56.0,34.7,10.0,20.2,0.493,4.9,11.4,0.427,5.1,8.8,0.579,4.6,5.0,0.915,0.7,5.4,6.1,6.3,0.9,0.4,3.2,29.4,1941.0
1.0,John Wall,47345760.0,PG,32.0,LAC,34.0,22.2,4.1,9.9,0.408,1.0,3.2,0.303,3.1,6.7,0.459,2.3,3.3,0.681,0.4,2.3,2.7,5.2,0.8,0.4,2.4,11.4,755.0
2.0,Russell Westbrook,47080179.0,PG,34.0,LAL/LAC,73.0,29.1,5.9,13.6,0.436,1.2,3.9,0.311,4.7,9.7,0.487,2.8,4.3,0.656,1.2,4.6,5.8,7.5,1.0,0.5,3.5,15.9,2126.0
3.0,LeBron James,44474988.0,PF,38.0,LAL,55.0,35.5,11.1,22.2,0.5,2.2,6.9,0.321,8.9,15.3,0.58,4.6,5.9,0.768,1.2,7.1,8.3,6.8,0.9,0.6,3.2,28.9,1954.0
4.0,Kevin Durant,44119845.0,PF,34.0,BRK/PHO,47.0,35.6,10.3,18.3,0.56,2.0,4.9,0.404,8.3,13.4,0.617,6.5,7.1,0.919,0.4,6.3,6.7,5.0,0.7,1.4,3.3,29.1,1672.0
5.0,Bradley Beal,43279250.0,SG,29.0,WAS,50.0,33.5,8.9,17.6,0.506,1.6,4.4,0.365,7.3,13.2,0.552,3.8,4.6,0.842,0.8,3.1,3.9,5.4,0.9,0.7,2.9,23.2,1673.0
6.0,Kawhi Leonard,42492492.0,SF,31.0,LAC,52.0,33.6,8.6,16.8,0.512,2.0,4.8,0.416,6.6,11.9,0.551,4.7,5.4,0.871,1.1,5.4,6.5,3.9,1.4,0.5,1.7,23.8,1748.0
7.0,Paul George,42492492.0,SF,32.0,LAC,56.0,34.6,8.2,17.9,0.457,2.8,7.6,0.371,5.4,10.3,0.521,4.6,5.3,0.871,0.8,5.3,6.1,5.1,1.5,0.4,3.1,23.8,1939.0
8.0,Giannis Antetokounmpo,42492492.0,PF,28.0,MIL,63.0,32.1,11.2,20.3,0.553,0.7,2.7,0.275,10.5,17.6,0.596,7.9,12.3,0.645,2.2,9.6,11.8,5.7,0.8,0.8,3.9,31.1,2024.0
9.0,Damian Lillard,42492492.0,PG,32.0,POR,58.0,36.3,9.6,20.7,0.463,4.2,11.3,0.371,5.4,9.4,0.574,8.8,9.6,0.914,0.8,4.0,4.8,7.3,0.9,0.3,3.3,32.2,2107.0
10.0,Klay Thompson,40600080.0,SF,32.0,GSW,69.0,33.0,7.9,18.1,0.436,4.4,10.6,0.412,3.6,7.6,0.47,1.7,1.9,0.879,0.6,3.6,4.1,2.4,0.7,0.4,1.8,21.9,2279.0
11.0,Kyrie Irving,38917057.0,PG-SG,30.0,BRK/DAL,60.0,37.4,9.9,20.1,0.494,3.1,8.3,0.379,6.8,11.8,0.574,4.1,4.6,0.905,1.0,4.1,5.1,5.5,1.1,0.8,2.1,27.1,2241.0
12.0,Rudy Gobert,38172414.0,C,30.0,MIN,70.0,30.7,5.1,7.8,0.659,0.0,0.0,0.0,5.1,7.8,0.663,3.1,4.9,0.644,3.3,8.3,11.6,1.2,0.8,1.4,1.7,13.4,2148.0
13.0,Khris Middleton,37984276.0,SF,31.0,MIL,33.0,24.3,5.4,12.3,0.436,1.5,4.9,0.315,3.8,7.4,0.516,2.8,3.1,0.902,0.8,3.4,4.2,4.9,0.7,0.2,2.2,15.1,801.0
14.0,Anthony Davis,37980720.0,C,29.0,LAL,56.0,34.0,9.7,17.2,0.563,0.3,1.3,0.257,9.3,15.9,0.589,6.2,7.9,0.784,3.5,9.1,12.5,2.6,1.1,2.0,2.2,25.9,1904.0
15.0,Jimmy Butler,37653300.0,PF,33.0,MIA,64.0,33.4,7.5,13.9,0.539,0.6,1.6,0.35,6.9,12.3,0.564,7.4,8.7,0.85,2.2,3.7,5.9,5.3,1.8,0.3,1.6,22.9,2138.0
16.0,Tobias Harris,37633050.0,SF,30.0,PHI,74.0,32.9,5.7,11.4,0.501,1.7,4.4,0.389,4.0,7.0,0.57,1.5,1.7,0.876,0.9,4.8,5.7,2.5,0.9,0.5,1.2,14.7,2436.0
18.0,Trae Young,37096500.0,PG,24.0,ATL,73.0,34.8,8.2,19.0,0.429,2.1,6.3,0.335,6.1,12.7,0.476,7.8,8.8,0.886,0.8,2.2,3.0,10.2,1.1,0.1,4.1,26.2,2541.0
19.0,Zach LaVine,37096500.0,SG,27.0,CHI,77.0,35.9,8.7,18.0,0.485,2.6,7.1,0.375,6.1,11.0,0.556,4.7,5.6,0.848,0.5,3.9,4.5,4.2,0.9,0.2,2.5,24.8,2768.0
20.0,Ben Simmons,35448672.0,PG,26.0,BRK,42.0,26.3,3.2,5.6,0.566,0.0,0.0,0.0,3.2,5.5,0.571,0.6,1.4,0.439,1.0,5.3,6.3,6.1,1.3,0.6,2.3,6.9,1105.0
21.0,Pascal Siakam,35448672.0,PF,28.0,TOR,71.0,37.4,8.9,18.5,0.48,1.3,4.0,0.324,7.6,14.5,0.523,5.2,6.7,0.774,1.8,6.0,7.8,5.8,0.9,0.5,2.4,24.2,2652.0
22.0,Myles Turner,35096500.0,C,26.0,IND,62.0,29.4,6.5,11.8,0.548,1.5,4.0,0.373,5.0,7.8,0.638,3.5,4.5,0.783,1.4,6.1,7.5,1.4,0.6,2.3,1.7,18.0,1825.0
23.0,Jrue Holiday,34319520.0,PG,32.0,MIL,67.0,32.6,7.3,15.3,0.479,2.4,6.1,0.384,5.0,9.1,0.542,2.3,2.6,0.859,1.2,3.9,5.1,7.4,1.2,0.4,2.9,19.3,2183.0
24.0,Karl-Anthony Towns,33833400.0,PF,27.0,MIN,29.0,33.0,7.3,14.8,0.495,2.1,5.7,0.366,5.2,9.1,0.576,4.1,4.7,0.874,1.7,6.5,8.1,4.8,0.7,0.6,3.0,20.8,957.0
25.0,Devin Booker,33833400.0,SG,26.0,PHO,53.0,34.6,9.9,20.1,0.494,2.1,6.0,0.351,7.8,14.2,0.554,5.8,6.8,0.855,0.9,3.7,4.5,5.5,1.0,0.3,2.7,27.8,1835.0
26.0,Andrew Wiggins,33616770.0,SF,27.0,GSW,37.0,32.2,6.8,14.3,0.473,2.4,6.1,0.396,4.4,8.2,0.53,1.2,1.9,0.611,1.6,3.4,5.0,2.3,1.2,0.8,1.3,17.1,1190.0
27.0,Joel Embiid,33616770.0,C,28.0,PHI,66.0,34.6,11.0,20.1,0.548,1.0,3.0,0.33,10.0,17.1,0.587,10.0,11.7,0.857,1.7,8.4,10.2,4.2,1.0,1.7,3.4,33.1,2284.0
28.0,CJ McCollum,33333333.0,SG,31.0,NOP,75.0,35.3,7.8,17.9,0.437,2.8,7.2,0.389,5.0,10.7,0.469,2.4,3.2,0.769,0.7,3.6,4.4,5.7,0.9,0.5,2.4,20.9,2649.0
29.0,James Harden,33000000.0,PG,33.0,PHI,58.0,36.8,6.4,14.5,0.441,2.8,7.2,0.385,3.6,7.3,0.495,5.4,6.2,0.867,0.7,5.4,6.1,10.7,1.2,0.5,3.4,21.0,2135.0
30.0,Jamal Murray,31650600.0,PG,25.0,DEN,65.0,32.8,7.3,16.0,0.454,2.6,6.6,0.398,4.6,9.4,0.494,2.8,3.3,0.833,0.7,3.2,4.0,6.2,1.0,0.2,2.2,20.0,2133.0
31.0,Brandon Ingram,31650600.0,SF,25.0,NOP,45.0,34.2,9.0,18.6,0.484,1.4,3.6,0.39,7.6,14.9,0.507,5.3,6.0,0.882,0.5,5.0,5.5,5.8,0.7,0.4,3.3,24.7,1538.0
32.0,D'Angelo Russell,31377750.0,PG,26.0,LAL/MIN,71.0,32.5,6.3,13.4,0.469,2.7,6.9,0.396,3.5,6.5,0.548,2.5,3.0,0.829,0.5,2.5,3.0,6.2,1.0,0.4,2.6,17.8,2304.0
33.0,Donovan Mitchell,30913750.0,SG,26.0,CLE,68.0,35.8,10.0,20.6,0.484,3.6,9.3,0.386,6.4,11.3,0.566,4.7,5.4,0.867,0.9,3.3,4.3,4.4,1.5,0.4,2.6,28.3,2432.0
34.0,Shai Gilgeous-Alexander,30913750.0,PG,24.0,OKC,68.0,35.5,10.4,20.3,0.51,0.9,2.5,0.345,9.5,17.8,0.533,9.8,10.9,0.905,0.9,4.0,4.8,5.5,1.6,1.0,2.8,31.4,2416.0
35.0,Deandre Ayton,30913750.0,C,24.0,PHO,67.0,30.4,7.8,13.2,0.589,0.1,0.4,0.292,7.7,12.9,0.597,2.3,3.0,0.76,2.6,7.4,10.0,1.7,0.6,0.8,1.8,18.0,2035.0
36.0,Kevin Love,30556968.0,PF,34.0,CLE/MIA,62.0,20.0,2.7,6.8,0.389,1.6,4.8,0.334,1.1,2.1,0.516,1.3,1.5,0.879,1.0,5.5,6.4,1.9,0.3,0.2,1.1,8.2,1240.0
37.0,Jayson Tatum,30351780.0,SF,24.0,BOS,74.0,36.9,9.8,21.1,0.466,3.2,9.3,0.35,6.6,11.8,0.558,7.2,8.4,0.854,1.1,7.7,8.8,4.6,1.1,0.7,2.9,30.1,2732.0
38.0,Bam Adebayo,30351780.0,C,25.0,MIA,75.0,34.6,8.0,14.9,0.54,0.0,0.2,0.083,8.0,14.7,0.545,4.3,5.4,0.806,2.5,6.7,9.2,3.2,1.2,0.8,2.5,20.4,2598.0
39.0,De'Aaron Fox,30351780.0,PG,25.0,SAC,73.0,33.4,9.3,18.2,0.512,1.6,5.0,0.324,7.7,13.2,0.584,4.7,6.0,0.78,0.5,3.6,4.2,6.1,1.1,0.3,2.5,25.0,2435.0
40.0,Gordon Hayward,30075000.0,SF,32.0,CHO,50.0,31.5,5.5,11.6,0.475,1.0,3.2,0.325,4.5,8.4,0.532,2.6,3.2,0.811,0.7,3.6,4.3,4.1,0.8,0.2,2.0,14.7,1577.0
41.0,Jaylen Brown,29776785.0,SF,26.0,BOS,67.0,35.9,10.1,20.6,0.491,2.4,7.3,0.335,7.7,13.4,0.576,3.9,5.1,0.765,1.2,5.7,6.9,3.5,1.1,0.4,2.9,26.6,2405.0
42.0,Chris Paul,28400000.0,PG,37.0,PHO,59.0,32.0,5.0,11.3,0.44,1.7,4.4,0.375,3.3,6.9,0.482,2.3,2.7,0.831,0.5,3.8,4.3,8.9,1.5,0.4,1.9,13.9,1889.0
43.0,Kyle Lowry,28333334.0,PG,36.0,MIA,55.0,31.2,3.6,8.8,0.404,1.9,5.6,0.345,1.6,3.2,0.509,2.1,2.5,0.859,0.8,3.3,4.1,5.1,1.0,0.4,1.9,11.2,1718.0
44.0,Jalen Brunson,27733332.0,PG,26.0,NYK,68.0,35.0,8.6,17.6,0.491,2.0,4.7,0.416,6.7,12.8,0.519,4.8,5.8,0.829,0.6,3.0,3.5,6.2,0.9,0.2,2.1,24.0,2379.0
45.0,DeMar DeRozan,27300000.0,SF,33.0,CHI,74.0,36.2,8.9,17.6,0.504,0.6,1.9,0.324,8.3,15.7,0.526,6.2,7.1,0.872,0.5,4.2,4.6,5.1,1.1,0.5,2.1,24.5,2682.0
46.0,Al Horford,26500000.0,C,36.0,BOS,63.0,30.5,3.6,7.6,0.476,2.3,5.2,0.446,1.3,2.4,0.539,0.2,0.3,0.714,1.2,5.0,6.2,3.0,0.5,1.0,0.6,9.8,1922.0
47.0,Draymond Green,25806468.0,PF,32.0,GSW,73.0,31.5,3.4,6.5,0.527,0.5,1.8,0.305,2.9,4.7,0.612,1.1,1.5,0.713,0.9,6.3,7.2,6.8,1.0,0.8,2.8,8.5,2297.0
48.0,Julius Randle,23760000.0,PF,28.0,NYK,77.0,35.5,8.5,18.6,0.459,2.8,8.3,0.343,5.7,10.3,0.553,5.2,6.9,0.757,1.8,8.1,10.0,4.1,0.6,0.3,2.8,25.1,2737.0
49.0,John Collins,23500000.0,PF,25.0,ATL,71.0,30.0,5.1,10.0,0.508,1.0,3.4,0.292,4.1,6.6,0.619,2.0,2.5,0.803,1.1,5.4,6.5,1.2,0.6,1.0,1.1,13.1,2130.0
50.0,Mike Conley,22680000.0,PG,35.0,MIN/UTA,67.0,30.3,3.9,9.1,0.428,2.0,5.2,0.385,1.9,3.9,0.486,2.1,2.5,0.834,0.5,2.2,2.7,6.7,1.1,0.2,1.5,11.9,2029.0
51.0,Malcolm Brogdon,22600000.0,PG,30.0,BOS,67.0,26.0,5.3,10.9,0.484,2.0,4.4,0.444,3.3,6.5,0.51,2.4,2.7,0.87,0.6,3.6,4.2,3.7,0.7,0.3,1.5,14.9,1744.0
52.0,Anfernee Simons,22321429.0,SG,23.0,POR,62.0,35.0,7.5,16.9,0.447,3.4,9.1,0.377,4.1,7.8,0.528,2.6,2.9,0.894,0.3,2.3,2.6,4.1,0.7,0.2,2.1,21.1,2171.0
53.0,Terry Rozier,21486316.0,SG,28.0,CHO,63.0,35.3,7.8,18.9,0.415,2.6,8.0,0.327,5.2,10.8,0.48,2.8,3.5,0.809,0.8,3.3,4.1,5.1,1.2,0.3,2.1,21.1,2221.0
54.0,Fred VanVleet,21250000.0,PG,28.0,TOR,69.0,36.7,6.3,16.1,0.393,3.0,8.8,0.342,3.3,7.3,0.455,3.7,4.1,0.898,0.4,3.6,4.1,7.2,1.8,0.6,2.0,19.3,2535.0
55.0,Buddy Hield,21177750.0,SF,30.0,IND,80.0,31.0,5.9,13.0,0.458,3.6,8.5,0.425,2.3,4.5,0.518,1.3,1.6,0.822,0.8,4.2,5.0,2.8,1.2,0.3,1.7,16.8,2482.0
56.0,Domantas Sabonis,21100000.0,C,26.0,SAC,79.0,34.6,7.3,11.9,0.615,0.4,1.1,0.373,6.9,10.8,0.639,4.1,5.5,0.742,3.2,9.1,12.3,7.3,0.8,0.5,2.9,19.1,2736.0
57.0,Jerami Grant,20955000.0,PF,28.0,POR,63.0,35.7,6.9,14.5,0.475,2.3,5.7,0.401,4.6,8.8,0.523,4.4,5.4,0.813,0.8,3.7,4.5,2.4,0.8,0.8,1.8,20.5,2246.0
58.0,Aaron Gordon,20690909.0,PF,27.0,DEN,68.0,30.2,6.3,11.2,0.564,0.9,2.5,0.347,5.4,8.6,0.628,2.8,4.6,0.608,2.4,4.1,6.6,3.0,0.8,0.8,1.4,16.3,2055.0
59.0,Mikal Bridges,20100000.0,SF-SG,26.0,BRK/PHO,83.0,35.7,7.1,15.3,0.468,2.0,5.3,0.382,5.1,9.9,0.514,3.8,4.3,0.895,1.0,3.4,4.4,3.3,1.1,0.7,1.5,20.1,2963.0
60.0,Jarrett Allen,20000000.0,C,24.0,CLE,68.0,32.6,5.9,9.2,0.644,0.0,0.1,0.1,5.9,9.1,0.653,2.4,3.3,0.733,3.3,6.5,9.8,1.7,0.8,1.2,1.4,14.3,2220.0
61.0,Nicolas Batum,19700319.0,PF,34.0,LAC,78.0,21.9,2.1,4.9,0.42,1.6,4.1,0.391,0.5,0.8,0.563,0.4,0.6,0.708,0.8,3.0,3.8,1.6,0.7,0.6,0.6,6.1,1709.0
62.0,Eric Gordon,19568360.0,SG,34.0,HOU/LAC,69.0,28.5,4.2,9.5,0.446,1.9,5.2,0.371,2.3,4.3,0.535,2.1,2.5,0.821,0.2,1.7,1.9,2.7,0.6,0.4,1.5,12.4,1965.0
63.0,Spencer Dinwiddie,19500000.0,SG-PG,29.0,BRK/DAL,79.0,34.5,5.8,13.3,0.438,2.3,6.2,0.369,3.5,7.1,0.498,3.4,4.2,0.812,0.4,3.1,3.4,6.5,0.8,0.3,1.8,17.3,2725.0
64.0,Caris LeVert,18796296.0,SG,28.0,CLE,74.0,30.2,4.3,10.0,0.431,1.7,4.4,0.392,2.6,5.6,0.462,1.8,2.4,0.722,0.7,3.1,3.8,3.9,1.0,0.3,1.6,12.1,2237.0
65.0,Joe Harris,18642857.0,SF,31.0,BRK,74.0,20.6,2.7,5.9,0.457,1.9,4.5,0.426,0.8,1.4,0.551,0.2,0.4,0.643,0.3,1.9,2.2,1.4,0.5,0.2,0.6,7.6,1527.0
66.0,Harrison Barnes,18352273.0,PF,30.0,SAC,82.0,32.5,4.6,9.6,0.473,1.6,4.3,0.374,3.0,5.3,0.553,4.3,5.0,0.847,1.1,3.4,4.5,1.6,0.7,0.1,1.0,15.0,2662.0
67.0,Clint Capela,18206896.0,C,28.0,ATL,65.0,26.6,5.4,8.2,0.653,0.0,0.0,0.0,5.4,8.2,0.654,1.2,2.0,0.603,4.0,7.1,11.0,0.9,0.7,1.2,0.8,12.0,1730.0
68.0,Evan Fournier,18000000.0,SG,30.0,NYK,27.0,17.0,2.1,6.1,0.337,1.3,4.2,0.307,0.8,1.9,0.404,0.7,0.8,0.857,0.1,1.7,1.8,1.3,0.6,0.1,0.8,6.1,459.0
69.0,Steven Adams,17926829.0,C,29.0,MEM,42.0,27.0,3.7,6.3,0.597,0.0,0.0,0.0,3.7,6.2,0.599,1.1,3.1,0.364,5.1,6.5,11.5,2.3,0.9,1.1,1.9,8.6,1133.0
71.0,OG Anunoby,17357143.0,SF,25.0,TOR,67.0,35.6,6.3,13.2,0.476,2.1,5.5,0.387,4.2,7.7,0.539,2.1,2.5,0.838,1.4,3.5,5.0,2.0,1.9,0.7,2.0,16.8,2386.0
72.0,Marcus Smart,17207142.0,PG,28.0,BOS,61.0,32.1,4.1,9.9,0.415,1.9,5.6,0.336,2.2,4.3,0.519,1.4,1.9,0.746,0.8,2.4,3.1,6.3,1.5,0.4,2.3,11.5,1957.0
73.0,Derrick White,17142857.0,SG,28.0,BOS,82.0,28.3,4.3,9.2,0.462,1.8,4.8,0.381,2.5,4.5,0.548,2.0,2.3,0.875,0.6,2.9,3.6,3.9,0.7,0.9,1.2,12.4,2319.0
74.0,Dejounte Murray,17071120.0,SG,26.0,ATL,74.0,36.4,8.3,17.8,0.464,1.8,5.2,0.344,6.5,12.6,0.514,2.1,2.6,0.832,0.7,4.5,5.3,6.1,1.5,0.3,2.2,20.5,2693.0
75.0,Mitchell Robinson,17045454.0,C,24.0,NYK,59.0,27.0,3.2,4.7,0.671,0.0,0.0,,3.2,4.7,0.671,1.0,2.1,0.484,4.5,4.9,9.4,0.9,0.9,1.8,0.7,7.4,1591.0
76.0,Duncan Robinson,16902000.0,SF,28.0,MIA,42.0,16.5,2.1,5.6,0.371,1.5,4.6,0.328,0.6,1.1,0.556,0.7,0.8,0.906,0.2,1.5,1.6,1.1,0.3,0.0,0.7,6.4,691.0
77.0,Norman Powell,16758621.0,SG,29.0,LAC,60.0,26.1,5.7,11.8,0.479,1.9,4.8,0.397,3.8,7.1,0.534,3.8,4.6,0.812,0.4,2.5,2.9,1.8,0.8,0.3,1.7,17.0,1567.0
78.0,Collin Sexton,16700000.0,PG,24.0,UTA,48.0,23.9,4.9,9.8,0.506,1.0,2.5,0.393,3.9,7.2,0.546,3.4,4.1,0.819,0.8,1.4,2.2,2.9,0.6,0.1,1.8,14.3,1145.0
79.0,Markelle Fultz,16500000.0,PG,24.0,ORL,60.0,29.6,5.8,11.3,0.514,0.5,1.5,0.31,5.4,9.9,0.544,1.9,2.4,0.783,1.2,2.8,3.9,5.7,1.5,0.4,2.3,14.0,1778.0
80.0,Lauri Markkanen,16475454.0,PF,25.0,UTA,66.0,34.4,8.7,17.3,0.499,3.0,7.7,0.391,5.6,9.6,0.585,5.3,6.0,0.875,2.0,6.7,8.6,1.9,0.6,0.6,1.9,25.6,2273.0
81.0,Marcus Morris,16372093.0,PF,33.0,LAC,65.0,28.1,4.2,9.9,0.426,1.7,4.7,0.364,2.5,5.2,0.484,1.0,1.3,0.782,0.4,3.5,4.0,1.8,0.6,0.3,0.9,11.2,1825.0
82.0,Malik Beasley,15558035.0,SG,26.0,LAL/UTA,81.0,25.8,4.6,11.6,0.395,2.9,8.1,0.357,1.7,3.4,0.484,0.6,0.8,0.769,0.4,3.1,3.5,1.5,0.8,0.1,1.1,12.7,2093.0
83.0,Luguentz Dort,15277778.0,SF,23.0,OKC,74.0,30.7,4.6,11.8,0.388,1.8,5.5,0.33,2.8,6.3,0.44,2.7,3.5,0.772,1.7,2.9,4.6,2.1,1.0,0.3,1.2,13.7,2272.0
84.0,Will Barton,15059712.0,SG,32.0,WAS/TOR,56.0,17.7,2.5,6.5,0.379,1.2,3.2,0.367,1.3,3.3,0.391,0.7,0.8,0.787,0.3,2.2,2.4,2.0,0.5,0.2,0.9,6.8,993.0
85.0,Tyus Jones,15000000.0,PG,26.0,MEM,80.0,24.3,3.9,8.9,0.438,1.5,4.1,0.371,2.4,4.8,0.495,1.0,1.3,0.8,0.4,2.2,2.5,5.2,1.0,0.1,0.9,10.3,1940.0
86.0,Derrick Rose,14520730.0,PG,34.0,NYK,27.0,12.5,2.3,5.9,0.384,0.7,2.3,0.302,1.6,3.6,0.438,0.4,0.4,0.917,0.3,1.2,1.5,1.7,0.3,0.2,0.8,5.6,338.0
87.0,Kevin Huerter,14508929.0,SG,24.0,SAC,75.0,29.4,5.6,11.5,0.485,2.7,6.8,0.402,2.9,4.7,0.604,1.3,1.7,0.725,0.6,2.8,3.3,2.9,1.1,0.3,1.3,15.2,2203.0
88.0,Christian Wood,14317459.0,C,27.0,DAL,67.0,25.9,5.9,11.5,0.515,1.6,4.2,0.376,4.3,7.3,0.594,3.2,4.2,0.772,1.3,6.0,7.3,1.8,0.4,1.1,1.8,16.6,1738.0
89.0,Kentavious Caldwell-Pope,14004703.0,SG,29.0,DEN,76.0,31.3,3.8,8.3,0.462,1.8,4.2,0.423,2.1,4.1,0.502,1.4,1.6,0.824,0.5,2.3,2.7,2.4,1.5,0.5,1.1,10.8,2381.0
90.0,Brook Lopez,13906976.0,C,34.0,MIL,78.0,30.4,6.1,11.5,0.531,1.7,4.7,0.374,4.4,6.9,0.637,1.9,2.4,0.784,2.0,4.7,6.7,1.3,0.5,2.5,1.4,15.9,2373.0
91.0,Patrick Beverley,13801614.0,SG-PG,34.0,LAL/CHI,67.0,27.1,2.1,5.4,0.4,1.2,3.6,0.335,1.0,1.8,0.529,0.7,1.0,0.723,0.7,3.0,3.7,2.9,0.9,0.6,0.9,6.2,1816.0
92.0,Doug McDermott,13750000.0,SF,31.0,SAS,64.0,20.5,3.7,8.2,0.457,1.9,4.7,0.413,1.8,3.5,0.516,0.8,1.1,0.757,0.4,1.8,2.2,1.4,0.2,0.1,0.9,10.2,1314.0
93.0,Luke Kennard,13745455.0,SG,26.0,LAC/MEM,59.0,22.3,3.2,6.5,0.492,2.3,4.6,0.494,0.9,1.9,0.487,0.6,0.7,0.949,0.3,2.4,2.7,1.5,0.5,0.1,0.8,9.3,1315.0
94.0,Zion Williamson,13534817.0,PF,22.0,NOP,29.0,33.0,9.8,16.2,0.608,0.2,0.7,0.368,9.6,15.5,0.618,6.1,8.6,0.714,2.0,5.0,7.0,4.6,1.1,0.6,3.4,26.0,956.0
95.0,Jordan Clarkson,13340000.0,SG,30.0,UTA,61.0,32.6,7.5,16.9,0.444,2.5,7.5,0.338,5.0,9.4,0.53,3.3,4.0,0.816,1.2,2.9,4.0,4.4,0.5,0.2,3.0,20.8,1988.0
96.0,Gary Harris,13000000.0,SG,28.0,ORL,48.0,24.7,2.9,6.4,0.45,2.0,4.5,0.431,0.9,1.9,0.494,0.6,0.6,0.9,0.4,1.6,2.0,1.2,0.9,0.3,0.6,8.3,1184.0
97.0,Kyle Kuzma,13000000.0,PF,27.0,WAS,64.0,35.0,8.0,17.8,0.448,2.5,7.5,0.333,5.5,10.3,0.533,2.7,3.7,0.73,0.9,6.4,7.2,3.7,0.6,0.5,3.0,21.2,2239.0
98.0,Josh Hart,12960000.0,SF,27.0,NYK/POR,76.0,32.3,3.6,6.8,0.529,0.8,2.2,0.372,2.8,4.7,0.601,1.7,2.3,0.75,1.9,5.9,7.8,3.8,1.2,0.3,1.5,9.8,2454.0
99.0,Dorian Finney-Smith,12939848.0,PF,29.0,BRK/DAL,66.0,30.4,3.0,7.6,0.391,1.7,5.1,0.337,1.2,2.5,0.503,0.7,0.9,0.763,1.7,3.1,4.8,1.5,0.8,0.5,0.9,8.3,2009.0
100.0,Kelly Olynyk,12804878.0,C,31.0,UTA,68.0,28.6,4.1,8.2,0.499,1.4,3.5,0.394,2.7,4.7,0.576,2.9,3.4,0.853,1.2,5.0,6.2,3.7,0.9,0.5,2.5,12.5,1942.0
101.0,Chris Boucher,12690000.0,PF,30.0,TOR,76.0,20.0,3.4,7.0,0.493,0.8,2.5,0.328,2.6,4.5,0.585,1.7,2.2,0.762,2.1,3.5,5.5,0.4,0.6,0.8,0.5,9.4,1523.0
102.0,Robert Covington,12307692.0,PF,32.0,LAC,48.0,16.2,2.1,4.8,0.445,1.1,2.8,0.397,1.0,1.9,0.516,0.6,0.8,0.75,0.6,2.8,3.5,1.2,0.8,0.7,0.7,6.0,779.0
103.0,Josh Richardson,12196094.0,SG,29.0,NOP/SAS,65.0,23.5,3.7,8.5,0.431,1.6,4.5,0.365,2.0,4.0,0.506,1.1,1.2,0.852,0.6,2.1,2.7,2.7,1.1,0.3,1.3,10.1,1530.0
104.0,Ja Morant,12119440.0,PG,23.0,MEM,61.0,31.9,9.3,19.9,0.466,1.5,4.9,0.307,7.8,15.0,0.519,6.1,8.1,0.748,1.0,4.9,5.9,8.1,1.1,0.3,3.4,26.2,1948.0
106.0,Terrence Ross,11500000.0,SG,31.0,ORL/PHO,63.0,21.1,3.2,7.4,0.43,1.5,4.1,0.368,1.7,3.3,0.507,0.4,0.5,0.794,0.3,2.1,2.4,1.5,0.6,0.2,0.7,8.3,1330.0
107.0,Reggie Jackson,11457217.0,PG,32.0,DEN/LAC,68.0,24.4,3.9,9.4,0.411,1.4,4.2,0.333,2.5,5.2,0.474,1.0,1.1,0.91,0.4,1.8,2.1,3.4,0.7,0.1,1.7,10.2,1657.0
108.0,Dillon Brooks,11400000.0,SF,27.0,MEM,73.0,30.3,5.4,13.6,0.396,2.0,6.0,0.326,3.4,7.6,0.451,1.6,2.1,0.779,0.6,2.7,3.3,2.6,0.9,0.2,1.4,14.3,2214.0
109.0,Richaun Holmes,11215260.0,C,29.0,SAC,42.0,8.3,1.3,2.1,0.618,0.1,0.2,0.625,1.2,1.9,0.617,0.4,0.5,0.789,0.7,1.2,1.9,0.2,0.1,0.3,0.3,3.1,348.0
110.0,Dwight Powell,11080125.0,C,31.0,DAL,76.0,19.2,2.6,3.5,0.732,0.0,0.1,0.0,2.6,3.5,0.746,1.5,2.2,0.667,2.0,2.2,4.1,0.9,0.6,0.3,0.9,6.7,1458.0
111.0,Paolo Banchero,11055120.0,PF,20.0,ORL,72.0,33.8,6.7,15.6,0.427,1.2,4.0,0.298,5.5,11.6,0.471,5.5,7.4,0.738,1.2,5.7,6.9,3.7,0.8,0.5,2.8,20.0,2430.0
112.0,RJ Barrett,10900634.0,SG,22.0,NYK,73.0,33.9,7.0,16.1,0.434,1.7,5.3,0.31,5.3,10.8,0.495,4.0,5.4,0.74,0.8,4.2,5.0,2.8,0.4,0.2,2.2,19.6,2475.0
113.0,Bobby Portis,10843350.0,PF,27.0,MIL,70.0,26.0,5.7,11.5,0.496,1.4,3.7,0.37,4.3,7.8,0.555,1.4,1.8,0.768,2.2,7.4,9.6,1.5,0.4,0.2,1.2,14.1,1818.0
114.0,DeAndre Jordan,10733758.0,C,34.0,DEN,39.0,15.0,2.3,2.9,0.765,0.0,0.0,1.0,2.2,2.9,0.763,0.6,1.2,0.458,1.3,3.8,5.2,0.9,0.3,0.6,1.2,5.1,586.0
115.0,Anthony Edwards,10733400.0,SG,21.0,MIN,79.0,36.0,8.9,19.5,0.459,2.7,7.3,0.369,6.3,12.2,0.513,4.0,5.3,0.756,0.6,5.2,5.8,4.4,1.6,0.7,3.3,24.6,2842.0
116.0,Robert Williams,10714287.0,C,25.0,BOS,35.0,23.5,3.6,4.9,0.747,0.0,0.0,0.0,3.6,4.8,0.751,0.7,1.2,0.61,3.0,5.4,8.3,1.4,0.6,1.4,1.0,8.0,824.0
118.0,Mo Bamba,10300000.0,C,24.0,LAL/ORL,49.0,15.7,2.4,4.9,0.485,1.0,2.5,0.387,1.4,2.4,0.59,0.8,1.3,0.661,1.2,3.4,4.6,0.9,0.3,0.9,0.6,6.6,769.0
119.0,Talen Horton-Tucker,10260000.0,SG,22.0,UTA,65.0,20.2,4.0,9.4,0.419,0.9,3.1,0.286,3.1,6.3,0.485,1.9,2.6,0.75,0.6,2.6,3.2,3.8,0.6,0.4,1.9,10.7,1313.0
120.0,Jae Crowder,10183800.0,PF,32.0,MIL,18.0,18.9,2.5,5.2,0.479,1.3,3.1,0.436,1.2,2.2,0.538,0.6,0.7,0.833,0.9,2.9,3.8,1.5,0.7,0.3,0.4,6.9,340.0
121.0,Ivica Zubac,10123457.0,C,25.0,LAC,76.0,28.6,4.3,6.8,0.634,0.0,0.0,0.0,4.3,6.7,0.637,2.2,3.1,0.697,3.1,6.8,9.9,1.0,0.4,1.3,1.5,10.8,2170.0
122.0,Reggie Bullock,10012800.0,SF,31.0,DAL,78.0,30.3,2.5,6.0,0.409,1.9,5.1,0.38,0.5,0.9,0.562,0.3,0.5,0.703,0.4,3.2,3.6,1.4,0.7,0.2,0.5,7.2,2364.0
123.0,Alec Burks,10012800.0,SG,31.0,DET,51.0,22.0,3.9,9.0,0.436,1.9,4.7,0.414,2.0,4.3,0.459,3.0,3.7,0.814,0.4,2.7,3.1,2.2,0.7,0.2,1.1,12.8,1122.0
124.0,De'Andre Hunter,9835881.0,SF,25.0,ATL,67.0,31.7,5.7,12.3,0.461,1.5,4.3,0.35,4.2,8.0,0.521,2.6,3.1,0.826,0.7,3.6,4.2,1.4,0.5,0.3,1.2,15.4,2126.0
125.0,James Wiseman,9603360.0,C,21.0,GSW/DET,45.0,19.3,4.2,7.5,0.558,0.1,0.4,0.2,4.1,7.1,0.58,1.5,2.2,0.701,1.6,4.3,5.9,0.7,0.2,0.6,1.1,10.0,867.0
126.0,Landry Shamet,9500000.0,SG,25.0,PHO,40.0,20.2,2.8,7.5,0.377,1.9,5.0,0.377,1.0,2.5,0.376,1.1,1.3,0.882,0.3,1.4,1.7,2.3,0.7,0.1,0.9,8.7,807.0
127.0,Malik Monk,9472219.0,SG,24.0,SAC,77.0,22.3,4.6,10.3,0.448,1.9,5.2,0.359,2.8,5.2,0.538,2.4,2.7,0.889,0.4,2.2,2.6,3.9,0.6,0.3,1.9,13.5,1719.0
128.0,Jalen Green,9441840.0,SG,20.0,HOU,76.0,34.2,7.4,17.9,0.416,2.5,7.3,0.338,5.0,10.6,0.471,4.8,6.1,0.786,0.6,3.2,3.7,3.7,0.8,0.2,2.6,22.1,2602.0
129.0,Jakob Poeltl,9398148.0,C,27.0,SAS/TOR,72.0,26.5,5.4,8.6,0.629,0.0,0.0,0.0,5.4,8.6,0.63,1.7,2.8,0.592,3.3,5.8,9.1,2.7,0.9,1.2,1.7,12.5,1906.0
130.0,Nerlens Noel,9391069.0,C,28.0,BRK/DET,17.0,11.5,0.8,2.1,0.361,0.1,0.1,0.5,0.7,2.0,0.353,0.5,0.7,0.667,0.6,2.1,2.7,0.6,0.9,0.6,0.8,2.1,195.0
131.0,Royce O'Neale,9200000.0,SF,29.0,BRK,76.0,31.7,3.0,7.8,0.386,2.1,5.5,0.389,0.9,2.3,0.379,0.7,0.9,0.725,0.7,4.3,5.1,3.7,0.9,0.6,1.5,8.8,2409.0
132.0,Monte Morris,9125000.0,PG,27.0,WAS,62.0,27.3,4.0,8.3,0.48,1.3,3.3,0.382,2.7,5.0,0.543,1.0,1.2,0.831,0.4,3.0,3.4,5.3,0.7,0.2,1.0,10.3,1695.0
133.0,Mason Plumlee,9080417.0,C,32.0,LAC/CHO,79.0,26.0,4.2,6.1,0.68,0.0,0.0,,4.2,6.1,0.68,2.5,4.0,0.636,2.9,6.0,8.9,3.1,0.6,0.6,1.5,10.8,2054.0
134.0,Alex Caruso,9030000.0,PG,28.0,CHI,67.0,23.5,1.9,4.3,0.455,0.8,2.3,0.364,1.1,2.0,0.556,0.9,1.1,0.808,0.6,2.3,2.9,2.9,1.5,0.7,1.1,5.6,1575.0
135.0,Maxi Kleber,9000000.0,PF,31.0,DAL,37.0,25.1,2.1,4.6,0.456,1.1,3.0,0.348,1.0,1.5,0.667,0.7,1.0,0.711,0.8,2.8,3.6,1.4,0.3,0.8,0.7,5.9,930.0
136.0,Grayson Allen,8925000.0,SG,27.0,MIL,72.0,27.4,3.4,7.7,0.44,2.0,5.1,0.399,1.4,2.7,0.518,1.6,1.8,0.905,0.8,2.4,3.3,2.3,0.9,0.2,1.0,10.4,1972.0
137.0,Darius Garland,8920794.0,PG,23.0,CLE,69.0,35.5,7.6,16.4,0.462,2.4,6.0,0.41,5.1,10.4,0.492,4.0,4.7,0.863,0.4,2.3,2.7,7.8,1.2,0.1,2.9,21.6,2447.0
138.0,Isaiah Hartenstein,8854879.0,C,24.0,NYK,82.0,19.8,2.1,4.0,0.535,0.1,0.5,0.216,2.0,3.5,0.576,0.6,0.9,0.676,2.5,4.0,6.5,1.2,0.6,0.8,0.8,5.0,1626.0
139.0,Kyle Anderson,8780488.0,PF,29.0,MIN,69.0,28.4,3.7,7.2,0.509,0.6,1.5,0.41,3.0,5.7,0.536,1.4,2.0,0.735,1.0,4.4,5.3,4.9,1.1,0.9,1.5,9.4,1957.0
140.0,Victor Oladipo,8750000.0,SG,30.0,MIA,42.0,26.3,3.8,9.6,0.397,1.7,5.0,0.33,2.1,4.5,0.471,1.4,1.9,0.747,0.4,2.7,3.0,3.5,1.4,0.3,2.1,10.7,1106.0
142.0,LaMelo Ball,8623920.0,PG,21.0,CHO,36.0,35.2,8.2,20.0,0.411,4.0,10.6,0.376,4.2,9.4,0.45,2.8,3.4,0.836,1.2,5.3,6.4,8.4,1.3,0.3,3.6,23.3,1268.0
143.0,Seth Curry,8496653.0,SG,32.0,BRK,61.0,19.9,3.4,7.4,0.463,1.5,3.8,0.405,1.9,3.6,0.525,0.8,0.9,0.927,0.2,1.4,1.6,1.6,0.6,0.1,0.8,9.2,1211.0
144.0,Evan Mobley,8478720.0,PF,21.0,CLE,79.0,34.4,6.6,12.0,0.554,0.3,1.3,0.216,6.4,10.7,0.595,2.6,3.8,0.674,2.4,6.6,9.0,2.8,0.8,1.5,1.8,16.2,2715.0
145.0,Gary Payton II,8300000.0,SG,30.0,GSW/POR,22.0,16.7,1.9,3.1,0.594,0.6,1.2,0.5,1.3,2.0,0.651,0.3,0.3,0.857,1.1,2.0,3.1,1.4,1.0,0.2,0.7,4.6,367.0
146.0,Dewayne Dedmon,8283688.0,C,33.0,PHI/MIA,38.0,11.2,2.0,4.0,0.51,0.3,1.0,0.308,1.7,2.9,0.58,0.9,1.3,0.673,0.9,2.6,3.5,0.7,0.2,0.5,0.7,5.2,426.0
147.0,De'Anthony Melton,8250000.0,SG,24.0,PHI,77.0,27.9,3.6,8.5,0.425,2.0,5.2,0.39,1.6,3.2,0.484,0.9,1.1,0.793,0.9,3.2,4.1,2.6,1.6,0.5,1.3,10.1,2150.0
148.0,JaMychal Green,8200000.0,PF,32.0,GSW,57.0,14.0,2.4,4.4,0.54,0.7,1.9,0.378,1.6,2.5,0.667,0.9,1.2,0.776,1.3,2.3,3.6,0.9,0.4,0.4,0.9,6.4,797.0
149.0,Keegan Murray,8008440.0,SF,22.0,SAC,80.0,29.8,4.4,9.8,0.453,2.6,6.3,0.411,1.9,3.5,0.527,0.8,1.0,0.765,1.1,3.5,4.6,1.2,0.8,0.5,0.8,12.2,2382.0
150.0,Kevon Looney,8000000.0,C,26.0,GSW,82.0,23.9,3.0,4.7,0.63,0.0,0.0,0.0,3.0,4.7,0.632,1.1,1.9,0.606,3.3,5.9,9.3,2.5,0.6,0.6,0.5,7.0,1958.0
151.0,Thaddeus Young,8000000.0,PF,34.0,TOR,54.0,14.7,2.0,3.7,0.545,0.1,0.6,0.176,1.9,3.0,0.622,0.3,0.5,0.692,1.3,1.8,3.1,1.4,1.0,0.1,0.8,4.4,795.0
152.0,Delon Wright,7804878.0,PG,30.0,WAS,50.0,24.4,2.8,5.8,0.474,0.8,2.4,0.345,1.9,3.4,0.564,1.0,1.2,0.867,1.2,2.4,3.6,3.9,1.8,0.3,0.9,7.4,1221.0
153.0,Patrick Williams,7775400.0,PF,21.0,CHI,82.0,28.3,3.8,8.3,0.464,1.4,3.4,0.415,2.4,4.9,0.498,1.1,1.3,0.857,1.0,3.0,4.0,1.2,0.9,0.9,1.2,10.2,2323.0
154.0,Scottie Barnes,7644600.0,SF,21.0,TOR,77.0,34.8,6.0,13.2,0.456,0.8,2.9,0.281,5.2,10.3,0.505,2.5,3.2,0.772,2.3,4.3,6.6,4.8,1.1,0.8,2.0,15.3,2678.0
155.0,Cedi Osman,7426088.0,SF,27.0,CLE,77.0,20.1,3.1,6.9,0.451,1.5,4.1,0.372,1.6,2.8,0.564,1.0,1.4,0.694,0.3,2.0,2.3,1.5,0.5,0.1,0.7,8.7,1548.0
156.0,Coby White,7413955.0,SG,22.0,CHI,74.0,23.4,3.6,8.0,0.443,1.7,4.6,0.372,1.8,3.4,0.54,0.8,0.9,0.871,0.2,2.6,2.9,2.8,0.7,0.1,1.0,9.7,1730.0
157.0,Zach Collins,7350000.0,C,25.0,SAS,63.0,22.9,4.5,8.7,0.518,0.9,2.3,0.374,3.6,6.4,0.571,1.7,2.3,0.761,1.8,4.5,6.4,2.9,0.6,0.8,2.0,11.6,1441.0
158.0,Jaden Ivey,7252200.0,SG,20.0,DET,74.0,31.1,5.5,13.3,0.416,1.6,4.7,0.343,3.9,8.6,0.457,3.6,4.8,0.747,1.0,2.9,3.9,5.2,0.8,0.2,3.2,16.3,2304.0
159.0,Taurean Prince,7100000.0,PF,28.0,MIN,54.0,22.1,3.3,7.0,0.467,1.4,3.6,0.381,1.9,3.4,0.557,1.2,1.4,0.844,0.3,2.2,2.4,1.6,0.5,0.3,1.3,9.1,1192.0
160.0,Jae'Sean Tate,7065217.0,SF,27.0,HOU,31.0,21.8,3.5,7.4,0.48,0.4,1.5,0.283,3.1,5.9,0.53,1.6,2.2,0.725,1.3,2.5,3.8,2.7,0.7,0.2,1.5,9.1,677.0
161.0,Isaac Okoro,7040880.0,SF,22.0,CLE,76.0,21.7,2.3,4.7,0.494,0.8,2.3,0.363,1.5,2.4,0.617,1.0,1.4,0.757,0.7,1.8,2.5,1.1,0.7,0.4,0.6,6.4,1652.0
163.0,Jalen Suggs,6922320.0,SG,21.0,ORL,53.0,23.5,3.5,8.4,0.419,1.2,3.8,0.327,2.3,4.6,0.496,1.6,2.2,0.723,1.0,2.0,3.0,2.9,1.3,0.5,1.8,9.9,1246.0
164.0,Jaxson Hayes,6803012.0,C,22.0,NOP,47.0,13.0,1.8,3.3,0.551,0.1,0.6,0.103,1.8,2.7,0.654,1.2,1.8,0.699,0.8,2.0,2.8,0.7,0.4,0.4,0.7,5.0,610.0
165.0,Khem Birch,6667500.0,C,30.0,TOR,20.0,8.1,1.0,1.6,0.594,0.1,0.1,0.5,0.9,1.5,0.6,0.2,0.3,0.8,0.4,0.9,1.3,0.4,0.3,0.3,0.4,2.2,162.0
166.0,Bennedict Mathurin,6586800.0,SG,20.0,IND,78.0,28.5,5.3,12.2,0.434,1.3,4.0,0.323,4.0,8.2,0.488,4.8,5.8,0.828,1.1,3.0,4.1,1.5,0.6,0.2,1.9,16.7,2222.0
167.0,Bruce Brown,6479000.0,SF,26.0,DEN,80.0,28.5,4.5,9.3,0.483,1.1,3.2,0.358,3.3,6.1,0.548,1.5,1.9,0.758,0.8,3.3,4.1,3.4,1.1,0.6,1.5,11.5,2280.0
168.0,Caleb Martin,6479000.0,SF,27.0,MIA,71.0,29.3,3.6,7.7,0.464,1.2,3.3,0.356,2.4,4.4,0.545,1.3,1.6,0.805,1.2,3.6,4.8,1.6,1.0,0.4,1.1,9.6,2077.0
169.0,Joe Ingles,6479000.0,SF,35.0,MIL,46.0,22.7,2.3,5.4,0.435,1.8,4.4,0.409,0.5,1.0,0.556,0.4,0.5,0.857,0.3,2.5,2.8,3.3,0.7,0.1,1.2,6.9,1044.0
170.0,Onyeka Okongwu,6395160.0,C,22.0,ATL,80.0,23.1,4.0,6.2,0.638,0.1,0.2,0.308,3.9,6.1,0.647,1.9,2.5,0.781,2.7,4.5,7.2,1.0,0.7,1.3,1.0,9.9,1849.0
171.0,Josh Giddey,6287400.0,PF,20.0,OKC,76.0,31.1,7.1,14.7,0.482,1.0,3.1,0.325,6.1,11.6,0.524,1.4,1.9,0.731,1.9,5.9,7.9,6.2,0.8,0.4,2.8,16.6,2367.0
172.0,Rui Hachimura,6263188.0,PF,24.0,LAL/WAS,63.0,23.3,4.5,9.3,0.486,0.8,2.5,0.319,3.7,6.7,0.55,1.4,1.9,0.739,0.8,3.7,4.5,0.9,0.3,0.4,0.8,11.2,1466.0
173.0,Rudy Gay,6184500.0,PF,36.0,UTA,56.0,14.6,1.9,5.1,0.38,0.6,2.3,0.254,1.4,2.8,0.484,0.8,0.9,0.857,0.6,2.3,2.9,1.0,0.3,0.3,0.7,5.2,816.0
174.0,Jevon Carter,6025000.0,PG,27.0,MIL,81.0,22.3,3.0,7.0,0.423,1.8,4.2,0.421,1.2,2.8,0.425,0.4,0.5,0.816,0.4,2.1,2.5,2.4,0.8,0.4,1.0,8.0,1810.0
175.0,Shaedon Sharpe,6012960.0,SG,19.0,POR,80.0,22.2,3.8,8.1,0.472,1.3,3.5,0.36,2.6,4.6,0.559,0.9,1.3,0.714,0.8,2.2,3.0,1.2,0.5,0.3,1.0,9.9,1779.0
176.0,Cameron Payne,6000000.0,PG,28.0,PHO,48.0,20.2,3.9,9.4,0.415,1.4,3.9,0.368,2.5,5.6,0.448,1.0,1.3,0.766,0.3,2.0,2.2,4.5,0.7,0.2,1.7,10.3,968.0
177.0,Justin Holiday,5987975.0,SF,33.0,DAL/ATL,46.0,15.3,1.7,4.4,0.377,1.0,3.1,0.322,0.7,1.3,0.508,0.1,0.2,0.625,0.1,1.1,1.2,0.9,0.4,0.4,0.5,4.5,706.0
178.0,Cam Reddish,5954454.0,SF,23.0,NYK/POR,40.0,24.8,3.5,7.8,0.446,1.1,3.6,0.313,2.4,4.2,0.56,1.6,1.9,0.853,0.5,1.8,2.2,1.4,1.0,0.4,1.2,9.7,990.0
179.0,Cameron Johnson,5887899.0,PF,26.0,BRK/PHO,42.0,28.5,5.3,11.3,0.47,2.5,6.1,0.404,2.9,5.2,0.548,2.4,2.9,0.842,0.8,3.6,4.4,1.9,1.2,0.3,0.9,15.5,1199.0
180.0,Ricky Rubio,5853659.0,PG,32.0,CLE,33.0,17.2,1.8,5.4,0.343,0.6,2.5,0.256,1.2,2.9,0.417,0.8,1.1,0.8,0.3,1.8,2.1,3.5,0.8,0.2,0.9,5.2,566.0
181.0,Killian Hayes,5837760.0,PG,21.0,DET,76.0,28.3,4.0,10.7,0.377,1.1,3.8,0.28,3.0,7.0,0.429,1.2,1.5,0.821,0.4,2.5,2.9,6.2,1.4,0.4,2.3,10.3,2154.0
182.0,Jonathan Kuminga,5739840.0,PF,20.0,GSW,67.0,20.8,3.9,7.4,0.525,0.8,2.2,0.37,3.1,5.2,0.59,1.3,2.1,0.652,1.0,2.4,3.4,1.9,0.6,0.5,1.4,9.9,1394.0
183.0,Pat Connaughton,5728393.0,SF,30.0,MIL,61.0,23.7,2.7,6.9,0.392,1.8,5.3,0.339,0.9,1.6,0.566,0.4,0.7,0.659,0.8,3.8,4.6,1.3,0.6,0.2,0.5,7.6,1443.0
184.0,Tyler Herro,5722116.0,SG,23.0,MIA,67.0,34.9,7.3,16.6,0.439,3.0,8.0,0.378,4.2,8.5,0.497,2.5,2.7,0.934,0.4,5.0,5.4,4.2,0.8,0.2,2.4,20.1,2337.0
185.0,Romeo Langford,5634257.0,SG,23.0,SAS,43.0,19.6,2.8,6.0,0.467,0.4,1.4,0.262,2.4,4.6,0.53,0.9,1.3,0.696,1.3,1.3,2.7,1.2,0.6,0.3,0.7,6.9,844.0
186.0,Dyson Daniels,5508600.0,PG,19.0,NOP,59.0,17.7,1.5,3.5,0.418,0.5,1.5,0.314,1.0,2.1,0.492,0.4,0.7,0.65,0.6,2.6,3.2,2.3,0.7,0.2,1.0,3.8,1042.0
187.0,JaVale McGee,5461219.0,C,35.0,DAL,42.0,8.5,1.9,3.0,0.64,0.0,0.1,0.4,1.9,2.9,0.65,0.6,1.0,0.585,0.7,1.8,2.5,0.3,0.1,0.6,0.9,4.4,355.0
188.0,Goga Bitadze,5377520.0,C,23.0,ORL/IND,38.0,12.0,1.8,3.3,0.552,0.2,0.7,0.231,1.7,2.6,0.636,0.6,1.1,0.548,1.6,2.0,3.6,1.0,0.4,0.7,0.6,4.4,457.0
189.0,Obi Toppin,5348280.0,PF,24.0,NYK,67.0,15.7,2.8,6.3,0.446,1.3,3.7,0.344,1.5,2.6,0.593,0.6,0.7,0.809,0.4,2.4,2.8,1.0,0.3,0.2,0.6,7.4,1050.0
190.0,Franz Wagner,5258280.0,SF,21.0,ORL,80.0,32.6,6.8,14.0,0.485,1.6,4.5,0.361,5.2,9.5,0.544,3.4,4.0,0.842,0.9,3.2,4.1,3.5,1.0,0.2,2.1,18.6,2609.0
191.0,Kendrick Nunn,5250000.0,SG,27.0,LAL/WAS,70.0,13.8,2.7,6.4,0.424,1.1,3.2,0.354,1.6,3.2,0.493,0.5,0.6,0.854,0.2,1.3,1.6,1.3,0.4,0.1,0.9,7.1,964.0
192.0,Hamidou Diallo,5200000.0,SF,24.0,DET,56.0,17.8,3.8,6.7,0.573,0.1,0.4,0.238,3.8,6.3,0.593,1.6,2.6,0.588,1.0,2.4,3.5,1.0,0.9,0.3,1.3,9.3,996.0
193.0,Cory Joseph,5155500.0,PG,31.0,DET,62.0,19.8,2.4,5.7,0.427,1.1,2.9,0.389,1.3,2.8,0.468,0.9,1.2,0.792,0.3,1.4,1.7,3.5,0.5,0.1,0.9,6.9,1227.0
194.0,Garrett Temple,5155500.0,SG,36.0,NOP,25.0,6.5,0.7,1.8,0.4,0.4,1.0,0.423,0.3,0.8,0.368,0.1,0.2,0.75,0.2,0.5,0.7,0.5,0.4,0.1,0.2,2.0,162.0
195.0,Torrey Craig,5121951.0,PF,32.0,PHO,79.0,24.7,2.9,6.3,0.456,1.3,3.2,0.395,1.6,3.1,0.518,0.4,0.6,0.711,1.8,3.6,5.4,1.5,0.6,0.8,0.9,7.4,1948.0
196.0,Jeremy Sochan,5063520.0,PF,19.0,SAS,56.0,26.0,4.5,9.9,0.453,0.6,2.4,0.246,3.9,7.5,0.519,1.4,2.1,0.698,1.7,3.6,5.3,2.5,0.8,0.4,1.7,11.0,1458.0
197.0,Nickeil Alexander-Walker,5009633.0,SG,24.0,MIN/UTA,59.0,15.0,2.2,5.0,0.444,1.0,2.7,0.384,1.2,2.3,0.515,0.7,1.0,0.667,0.3,1.5,1.7,1.8,0.5,0.4,0.9,6.2,884.0
198.0,Furkan Korkmaz,5000000.0,SG,25.0,PHI,37.0,9.5,1.3,3.0,0.432,0.5,1.2,0.391,0.8,1.8,0.462,0.7,1.0,0.722,0.2,1.0,1.1,0.6,0.3,0.1,0.6,3.8,353.0
199.0,Deni Avdija,4916160.0,SF,22.0,WAS,76.0,26.6,3.3,7.6,0.437,0.9,3.1,0.297,2.4,4.6,0.53,1.6,2.2,0.739,1.0,5.4,6.4,2.8,0.9,0.4,1.6,9.2,2020.0
200.0,Davion Mitchell,4833600.0,PG,24.0,SAC,80.0,18.1,2.3,5.0,0.454,0.8,2.5,0.32,1.5,2.5,0.584,0.3,0.4,0.806,0.2,1.1,1.3,2.3,0.6,0.2,0.8,5.6,1447.0
201.0,Johnny Davis,4810320.0,SG,20.0,WAS,28.0,15.1,2.4,6.1,0.386,0.6,2.5,0.243,1.8,3.6,0.485,0.5,1.0,0.519,0.4,2.0,2.3,1.0,0.4,0.3,0.6,5.8,423.0
202.0,Ty Jerome,4728948.0,SG,25.0,GSW,45.0,18.1,2.6,5.4,0.488,0.8,2.0,0.389,1.8,3.4,0.546,0.8,0.9,0.927,0.2,1.6,1.7,3.0,0.5,0.1,0.7,6.9,816.0
203.0,Jalen Smith,4670160.0,C,22.0,IND,68.0,18.8,3.6,7.5,0.476,0.8,2.8,0.283,2.8,4.7,0.593,1.5,2.0,0.759,1.9,3.9,5.8,1.0,0.3,0.9,1.1,9.4,1279.0
204.0,Ziaire Williams,4591680.0,SF,21.0,MEM,37.0,15.2,2.3,5.3,0.429,0.7,2.6,0.258,1.6,2.7,0.596,0.5,0.6,0.773,0.4,1.7,2.1,0.9,0.4,0.2,1.0,5.7,561.0
205.0,Ousmane Dieng,4569840.0,PF,19.0,OKC,39.0,14.6,1.9,4.6,0.42,0.7,2.5,0.265,1.3,2.1,0.602,0.4,0.6,0.652,0.5,2.2,2.7,1.2,0.4,0.2,0.7,4.9,569.0
206.0,Jeff Green,4500000.0,PF,36.0,DEN,56.0,19.5,2.9,5.9,0.488,0.5,1.9,0.288,2.3,4.0,0.58,1.6,2.1,0.744,0.7,1.9,2.6,1.2,0.3,0.3,0.8,7.8,1091.0
207.0,Donte DiVincenzo,4500000.0,SG,26.0,GSW,72.0,26.3,3.3,7.5,0.435,2.1,5.3,0.397,1.2,2.3,0.525,0.8,1.0,0.817,1.1,3.4,4.5,3.5,1.3,0.1,1.6,9.4,1894.0
208.0,Devin Vassell,4437000.0,SG,22.0,SAS,38.0,31.0,6.9,15.7,0.439,2.7,7.0,0.387,4.2,8.7,0.48,2.1,2.6,0.78,0.2,3.7,3.9,3.6,1.1,0.4,1.5,18.5,1178.0
209.0,Matisse Thybulle,4379526.0,SF-SG,25.0,PHI/POR,71.0,16.9,1.5,3.6,0.435,0.8,2.1,0.365,0.8,1.5,0.533,0.3,0.4,0.679,0.6,1.4,2.0,0.7,1.2,0.5,0.3,4.1,1200.0
210.0,Jarred Vanderbilt,4374000.0,PF,23.0,LAL/UTA,78.0,24.1,3.2,5.8,0.548,0.4,1.2,0.322,2.8,4.6,0.604,1.2,1.8,0.691,2.2,5.3,7.5,2.4,1.1,0.3,1.2,7.9,1879.0
211.0,James Bouknight,4362240.0,SG,22.0,CHO,34.0,15.1,2.0,5.7,0.358,1.0,3.2,0.303,1.1,2.5,0.429,0.6,0.9,0.667,0.2,1.9,2.1,1.2,0.4,0.1,0.9,5.6,515.0
212.0,Brandon Clarke,4343919.0,PF,26.0,MEM,56.0,19.5,4.1,6.2,0.656,0.0,0.1,0.167,4.1,6.1,0.665,1.8,2.4,0.723,1.6,3.9,5.5,1.3,0.6,0.7,1.0,10.0,1090.0
213.0,Jalen Williams,4341480.0,SG,21.0,OKC,75.0,30.3,5.5,10.6,0.521,1.0,2.7,0.356,4.5,7.9,0.579,2.1,2.5,0.812,1.1,3.4,4.5,3.3,1.4,0.5,1.6,14.1,2276.0
214.0,Grant Williams,4306281.0,PF,24.0,BOS,79.0,25.9,2.7,6.0,0.454,1.5,3.7,0.395,1.3,2.3,0.546,1.2,1.5,0.77,1.1,3.5,4.6,1.7,0.5,0.4,1.0,8.1,2045.0
215.0,Darius Bazley,4264628.0,C,22.0,OKC/PHO,43.0,14.3,1.9,4.3,0.454,0.5,1.2,0.377,1.5,3.0,0.485,0.9,1.6,0.543,0.8,2.4,3.2,0.9,0.5,0.8,0.6,5.2,616.0
216.0,Tyrese Haliburton,4215120.0,PG,22.0,IND,56.0,33.6,7.4,15.0,0.49,2.9,7.2,0.4,4.5,7.8,0.572,3.1,3.6,0.871,0.6,3.1,3.7,10.4,1.6,0.4,2.5,20.7,1883.0
217.0,Nassir Little,4171548.0,SF,22.0,POR,54.0,18.1,2.5,5.6,0.442,1.1,2.9,0.367,1.4,2.7,0.524,0.6,0.9,0.717,0.5,2.1,2.6,0.9,0.4,0.4,0.7,6.6,976.0
218.0,Jalen Duren,4124280.0,C,19.0,DET,67.0,24.9,3.9,5.9,0.648,0.0,0.0,0.0,3.9,5.9,0.652,1.4,2.3,0.611,3.4,5.5,8.9,1.1,0.7,0.9,1.4,9.1,1670.0
219.0,Gorgui Dieng,4105236.0,C,33.0,SAS,31.0,11.5,1.5,3.8,0.385,0.7,2.4,0.28,0.8,1.4,0.571,0.3,0.4,0.769,0.9,2.6,3.5,1.7,0.1,0.5,1.0,3.9,358.0
220.0,Justise Winslow,4097561.0,PF,26.0,POR,29.0,26.8,2.8,6.8,0.409,0.5,1.6,0.311,2.3,5.3,0.438,0.7,1.0,0.714,1.7,3.3,5.0,3.4,1.0,0.4,1.5,6.8,776.0
222.0,Stanley Johnson,4022164.0,SF,26.0,SAS,30.0,15.6,2.2,4.1,0.533,0.6,1.3,0.45,1.6,2.7,0.573,0.9,1.3,0.667,0.7,2.4,3.2,2.2,0.5,0.2,1.1,5.8,469.0
223.0,George Hill,4000000.0,PG-SG,36.0,MIL/IND,46.0,18.1,1.7,3.6,0.47,0.7,2.1,0.358,1.0,1.5,0.62,0.9,1.2,0.764,0.3,1.5,1.8,2.4,0.6,0.1,0.7,5.0,834.0
224.0,Terence Davis,4000000.0,SG,25.0,SAC,64.0,13.1,2.4,5.7,0.423,1.4,3.8,0.366,1.0,1.9,0.537,0.5,0.7,0.791,0.3,1.9,2.2,1.0,0.7,0.2,0.8,6.7,841.0
225.0,Chris Duarte,3936960.0,SF,25.0,IND,46.0,19.5,2.7,7.2,0.369,1.2,3.8,0.316,1.5,3.5,0.428,1.3,1.6,0.847,0.4,2.1,2.5,1.4,0.5,0.2,0.9,7.9,897.0
226.0,Alex Len,3918600.0,C,29.0,SAC,26.0,6.2,0.6,1.2,0.533,0.0,0.1,0.0,0.6,1.1,0.571,0.4,0.6,0.688,0.9,1.4,2.3,0.5,0.2,0.4,0.6,1.7,161.0
227.0,Ochai Agbaji,3918360.0,SG,22.0,UTA,59.0,20.5,2.8,6.5,0.427,1.4,3.9,0.355,1.4,2.7,0.532,0.9,1.2,0.812,0.7,1.3,2.1,1.1,0.3,0.3,0.7,7.9,1209.0
228.0,Jordan Poole,3901399.0,PG,23.0,GSW,82.0,30.0,6.7,15.6,0.43,2.6,7.8,0.336,4.1,7.8,0.524,4.4,5.1,0.87,0.4,2.4,2.7,4.5,0.8,0.3,3.1,20.4,2458.0
229.0,Keldon Johnson,3873024.0,SF,23.0,SAS,63.0,32.7,8.0,17.7,0.452,2.1,6.5,0.329,5.9,11.2,0.523,3.9,5.2,0.749,0.9,4.2,5.0,2.9,0.7,0.2,2.1,22.0,2063.0
230.0,James Johnson,3841067.0,PF,35.0,IND,18.0,9.0,1.2,2.7,0.449,0.2,0.8,0.2,1.1,1.9,0.559,0.2,0.4,0.5,0.2,1.4,1.7,0.8,0.4,0.3,0.4,2.8,162.0
231.0,Aaron Nesmith,3804360.0,SF,23.0,IND,73.0,24.9,3.5,8.1,0.427,1.6,4.3,0.366,1.9,3.8,0.496,1.6,1.9,0.838,0.8,2.9,3.8,1.3,0.8,0.5,1.0,10.1,1816.0
232.0,Moses Moody,3740160.0,SG,20.0,GSW,63.0,13.0,1.7,3.6,0.476,0.8,2.1,0.363,0.9,1.5,0.641,0.6,0.8,0.698,0.4,1.2,1.7,0.8,0.3,0.1,0.5,4.8,817.0
233.0,Mark Williams,3722040.0,C,21.0,CHO,43.0,19.3,3.7,5.8,0.637,0.0,0.0,,3.7,5.8,0.637,1.6,2.3,0.691,2.2,4.9,7.1,0.4,0.7,1.0,0.9,9.0,828.0
234.0,Cole Anthony,3613680.0,PG,22.0,ORL,60.0,25.9,4.6,10.2,0.454,1.3,3.4,0.364,3.4,6.7,0.5,2.5,2.8,0.894,0.8,4.0,4.8,3.9,0.6,0.5,1.5,13.0,1552.0
235.0,Corey Kispert,3552840.0,SF,23.0,WAS,74.0,28.3,3.9,7.9,0.497,2.2,5.2,0.424,1.7,2.7,0.637,1.0,1.2,0.852,0.4,2.4,2.8,1.2,0.4,0.1,0.7,11.1,2093.0
236.0,AJ Griffin,3536160.0,SF,19.0,ATL,72.0,19.5,3.4,7.4,0.465,1.4,3.6,0.39,2.0,3.8,0.536,0.6,0.7,0.894,0.5,1.6,2.1,1.0,0.6,0.2,0.6,8.9,1401.0
237.0,Mike Muscala,3500000.0,C,31.0,BOS/OKC,63.0,15.0,2.1,4.6,0.449,1.3,3.3,0.391,0.8,1.3,0.588,0.6,0.8,0.769,0.6,2.6,3.2,0.8,0.2,0.4,0.4,6.1,945.0
238.0,Georges Niang,3465000.0,PF,29.0,PHI,78.0,19.4,2.8,6.4,0.442,2.0,4.9,0.401,0.9,1.5,0.576,0.5,0.6,0.867,0.2,2.1,2.4,1.0,0.4,0.2,0.7,8.2,1512.0
239.0,Isaiah Stewart,3433320.0,C,21.0,DET,50.0,28.3,3.9,8.8,0.442,1.3,4.1,0.327,2.6,4.7,0.542,2.2,3.0,0.738,2.3,5.8,8.1,1.4,0.4,0.7,1.4,11.3,1414.0
240.0,Chuma Okeke,3433320.0,SF,24.0,ORL,27.0,19.2,1.6,4.5,0.352,1.0,3.2,0.302,0.6,1.3,0.472,0.6,0.8,0.762,1.0,2.6,3.6,1.4,0.7,0.4,0.6,4.7,518.0
241.0,Amir Coffey,3395062.0,SF,25.0,LAC,50.0,12.5,1.1,2.9,0.386,0.2,0.8,0.275,0.9,2.1,0.429,1.0,1.3,0.778,0.3,0.7,1.1,1.1,0.1,0.1,0.4,3.4,625.0
242.0,Tari Eason,3359160.0,PF,21.0,HOU,82.0,21.5,3.6,8.0,0.448,0.7,2.1,0.343,2.9,6.0,0.486,1.3,1.8,0.752,2.4,3.7,6.0,1.1,1.2,0.6,1.2,9.3,1767.0
243.0,Aleksej Pokusevski,3261480.0,PF,21.0,OKC,34.0,20.6,3.2,7.3,0.434,1.1,3.1,0.365,2.1,4.3,0.483,0.6,1.0,0.629,1.3,3.4,4.7,1.9,0.6,1.3,1.3,8.1,701.0
244.0,Simone Fontecchio,3205128.0,SF,27.0,UTA,52.0,14.7,2.2,6.0,0.369,1.2,3.7,0.33,1.0,2.3,0.43,0.7,0.8,0.795,0.6,1.1,1.7,0.8,0.3,0.2,0.8,6.3,766.0
245.0,Andre Drummond,3200000.0,C,29.0,CHI,67.0,12.7,2.5,4.1,0.606,0.0,0.0,0.0,2.5,4.0,0.613,1.0,1.9,0.536,2.1,4.6,6.6,0.5,0.7,0.4,1.1,6.0,849.0
246.0,Dalen Terry,3191400.0,SG,20.0,CHI,38.0,5.6,0.8,1.9,0.444,0.2,0.7,0.259,0.7,1.2,0.556,0.4,0.6,0.667,0.3,0.7,1.0,0.6,0.3,0.1,0.2,2.2,214.0
248.0,Josh Green,3098400.0,SG,22.0,DAL,60.0,25.7,3.4,6.4,0.537,1.1,2.8,0.402,2.3,3.6,0.643,1.1,1.6,0.723,0.9,2.1,3.0,1.7,0.7,0.1,1.2,9.1,1539.0
249.0,Jake LaRavia,3047640.0,PF,21.0,MEM,35.0,11.8,1.1,2.7,0.389,0.7,2.0,0.338,0.4,0.7,0.542,0.2,0.3,0.778,0.5,1.3,1.8,0.6,0.3,0.1,0.5,3.0,414.0
250.0,Tre Mann,3046200.0,PG,21.0,OKC,67.0,17.7,2.9,7.5,0.393,1.2,3.8,0.315,1.7,3.6,0.475,0.6,0.8,0.764,0.4,1.9,2.3,1.8,0.6,0.2,0.9,7.7,1183.0
251.0,Kevin Knox,3000000.0,SF-PF,23.0,DET/POR,63.0,15.1,2.4,5.3,0.458,1.0,3.0,0.349,1.4,2.3,0.596,0.7,1.0,0.767,0.5,2.3,2.8,0.5,0.4,0.2,0.8,6.6,952.0
252.0,Saddiq Bey,2959080.0,SF,23.0,DET/ATL,77.0,27.6,4.6,10.9,0.422,2.0,5.4,0.361,2.6,5.4,0.483,2.7,3.1,0.861,1.3,3.4,4.7,1.5,0.9,0.2,0.9,13.8,2129.0
253.0,Malaki Branham,2925600.0,SG,19.0,SAS,66.0,23.5,4.1,9.3,0.44,1.2,3.9,0.302,2.9,5.4,0.539,0.9,1.1,0.829,0.4,2.3,2.7,1.9,0.5,0.1,1.2,10.2,1550.0
255.0,Kai Jones,2909040.0,C,22.0,CHO,46.0,12.0,1.5,2.6,0.558,0.1,0.4,0.211,1.4,2.2,0.624,0.4,0.6,0.731,0.8,1.9,2.7,0.3,0.4,0.7,0.7,3.4,550.0
256.0,Blake Griffin,2905851.0,C,33.0,BOS,41.0,13.9,1.5,3.2,0.485,0.6,1.6,0.348,1.0,1.6,0.625,0.5,0.8,0.656,1.1,2.6,3.8,1.5,0.3,0.2,0.5,4.1,569.0
257.0,Robin Lopez,2905851.0,C,34.0,CLE,37.0,8.1,1.3,2.0,0.64,0.1,0.1,0.5,1.2,1.9,0.648,0.4,0.5,0.778,0.6,0.8,1.4,0.5,0.1,0.2,0.7,3.0,299.0
258.0,Markieff Morris,2905851.0,PF,33.0,BRK/DAL,35.0,10.1,1.3,3.3,0.409,0.8,2.0,0.394,0.5,1.3,0.432,0.3,0.3,1.0,0.4,1.7,2.0,0.9,0.3,0.1,0.5,3.8,355.0
260.0,Serge Ibaka,2905851.0,C,33.0,MIL,16.0,11.6,1.6,3.4,0.481,0.4,1.1,0.333,1.3,2.3,0.556,0.5,0.8,0.615,0.9,1.8,2.8,0.3,0.1,0.4,0.7,4.1,185.0
262.0,Wesley Matthews,2905851.0,SF,36.0,MIL,52.0,15.8,1.1,3.1,0.363,0.8,2.4,0.315,0.4,0.7,0.528,0.5,0.5,0.857,0.7,1.5,2.2,0.7,0.4,0.3,0.3,3.4,820.0
263.0,Austin Rivers,2905851.0,SG,30.0,MIN,52.0,19.5,1.8,4.0,0.435,0.8,2.4,0.35,0.9,1.7,0.558,0.6,0.8,0.769,0.1,1.5,1.6,1.4,0.5,0.1,0.4,4.9,1016.0
264.0,Bismack Biyombo,2905851.0,C,30.0,PHO,61.0,14.3,2.0,3.4,0.578,0.0,0.0,,2.0,3.4,0.578,0.4,1.1,0.357,1.5,2.8,4.3,0.9,0.3,1.4,0.8,4.3,874.0
265.0,Taj Gibson,2905851.0,C,37.0,WAS,49.0,9.8,1.3,2.6,0.52,0.2,0.5,0.333,1.2,2.1,0.564,0.6,0.9,0.714,0.7,1.2,1.9,0.7,0.3,0.2,0.5,3.4,480.0
266.0,Precious Achiuwa,2840160.0,C,23.0,TOR,55.0,20.7,3.6,7.3,0.485,0.5,2.0,0.269,3.0,5.4,0.564,1.6,2.3,0.702,1.8,4.1,6.0,0.9,0.6,0.5,1.1,9.2,1140.0
267.0,Christian Braun,2808600.0,SG,21.0,DEN,76.0,15.5,1.9,3.8,0.495,0.4,1.3,0.354,1.4,2.5,0.565,0.5,0.8,0.625,0.6,1.8,2.4,0.8,0.5,0.2,0.5,4.7,1181.0
268.0,Jordan Nwora,2800000.0,SF,24.0,MIL/IND,62.0,19.2,3.1,7.2,0.436,1.4,3.4,0.408,1.7,3.8,0.462,1.1,1.4,0.791,0.8,2.9,3.7,1.4,0.4,0.2,1.1,8.7,1188.0
269.0,Jalen Johnson,2792640.0,SF,21.0,ATL,70.0,14.9,2.3,4.6,0.491,0.4,1.5,0.288,1.8,3.1,0.587,0.7,1.1,0.628,0.7,3.3,4.0,1.2,0.5,0.5,0.6,5.6,1042.0
270.0,Tyrese Maxey,2726880.0,SG,22.0,PHI,60.0,33.6,7.3,15.2,0.481,2.7,6.2,0.434,4.7,9.1,0.513,3.0,3.6,0.845,0.4,2.6,2.9,3.5,0.8,0.1,1.3,20.3,2016.0
271.0,Bruno Fernando,2717391.0,C,24.0,HOU/ATL,39.0,10.4,1.5,2.9,0.527,0.0,0.1,0.0,1.5,2.8,0.546,0.9,1.3,0.7,1.4,2.1,3.5,0.8,0.2,0.9,0.6,3.9,405.0
272.0,Walker Kessler,2696400.0,C,21.0,UTA,74.0,23.0,4.0,5.6,0.72,0.0,0.0,0.333,4.0,5.6,0.723,1.1,2.1,0.516,3.1,5.3,8.4,0.9,0.4,2.3,0.8,9.2,1703.0
273.0,Keon Johnson,2681040.0,SG,20.0,POR,40.0,10.4,1.7,4.5,0.376,0.7,2.0,0.346,1.0,2.4,0.402,0.7,1.0,0.659,0.3,0.8,1.1,1.5,0.5,0.2,1.1,4.7,416.0
274.0,Charles Bassey,2674742.0,C,22.0,SAS,35.0,14.5,2.5,3.9,0.644,0.1,0.2,0.375,2.4,3.6,0.661,0.6,1.1,0.595,2.1,3.4,5.5,1.3,0.5,0.9,1.2,5.7,508.0
275.0,Matthew Dellavedova,2628597.0,PG,32.0,SAC,32.0,6.7,0.5,1.6,0.34,0.3,0.8,0.333,0.3,0.7,0.348,0.1,0.2,0.571,0.0,0.4,0.4,1.3,0.2,0.0,0.3,1.5,213.0
276.0,Trey Lyles,2625000.0,PF,27.0,SAC,74.0,16.9,2.5,5.5,0.458,1.2,3.2,0.363,1.4,2.3,0.595,1.4,1.7,0.815,0.9,3.1,4.1,0.9,0.4,0.4,0.9,7.6,1247.0
277.0,Zeke Nnaji,2617800.0,PF,22.0,DEN,53.0,13.7,2.1,3.7,0.561,0.3,1.2,0.262,1.8,2.5,0.71,0.8,1.2,0.645,1.2,1.4,2.6,0.3,0.3,0.4,0.6,5.2,728.0
278.0,David Roddy,2588640.0,PF,21.0,MEM,70.0,18.0,2.6,6.0,0.429,0.9,3.0,0.307,1.6,3.0,0.553,0.6,0.9,0.631,0.7,2.0,2.8,0.8,0.4,0.3,0.8,6.7,1258.0
279.0,Isaiah Jackson,2573760.0,C,21.0,IND,63.0,16.5,2.8,5.0,0.563,0.0,0.2,0.143,2.8,4.8,0.582,1.5,2.3,0.651,1.8,2.7,4.5,0.8,0.5,1.5,0.8,7.2,1042.0
280.0,MarJon Beauchamp,2485200.0,SF,22.0,MIL,52.0,13.5,1.8,4.7,0.395,0.9,2.7,0.331,0.9,1.9,0.485,0.5,0.7,0.73,0.7,1.5,2.2,0.7,0.4,0.1,0.9,5.1,701.0
281.0,Usman Garuba,2471160.0,C,20.0,HOU,75.0,12.9,1.1,2.4,0.486,0.3,0.8,0.407,0.8,1.6,0.525,0.4,0.6,0.617,1.6,2.5,4.1,0.9,0.6,0.4,0.6,3.0,970.0
282.0,Raul Neto,2463490.0,PG,30.0,CLE,48.0,10.5,1.2,2.3,0.518,0.3,0.9,0.286,0.9,1.4,0.662,0.6,0.7,0.912,0.2,0.8,1.0,1.6,0.4,0.1,0.5,3.3,505.0
283.0,Frank Kaminsky,2463490.0,C,29.0,HOU/ATL,36.0,6.5,0.9,1.8,0.492,0.4,0.9,0.394,0.5,0.8,0.6,0.4,0.4,0.875,0.2,1.3,1.4,0.9,0.2,0.1,0.3,2.5,235.0
284.0,Montrezl Harrell,2463490.0,C,29.0,PHI,57.0,11.9,2.2,3.7,0.598,0.0,0.1,0.0,2.2,3.6,0.616,1.2,1.8,0.693,1.2,1.6,2.8,0.6,0.3,0.4,0.6,5.6,681.0
285.0,Blake Wesley,2385480.0,SG,19.0,SAS,37.0,18.1,1.9,5.8,0.321,0.5,1.4,0.385,1.3,4.4,0.301,0.7,1.2,0.591,0.3,1.9,2.2,2.7,0.7,0.1,1.8,5.0,669.0
286.0,Josh Christopher,2372160.0,SG,21.0,HOU,64.0,12.3,2.4,5.1,0.465,0.3,1.4,0.236,2.1,3.8,0.55,0.7,0.9,0.75,0.3,0.8,1.1,1.1,0.5,0.2,0.9,5.8,786.0
287.0,Isaiah Roby,2330681.0,PF,24.0,SAS,42.0,11.3,1.6,3.7,0.432,0.4,1.4,0.3,1.2,2.3,0.516,0.5,1.0,0.488,0.5,2.0,2.5,0.9,0.4,0.2,0.7,4.1,474.0
288.0,Lindy Waters III,2316876.0,SG,25.0,OKC,41.0,13.0,1.7,4.3,0.393,1.4,4.0,0.358,0.3,0.4,0.75,0.4,0.5,0.8,0.4,1.4,1.8,0.7,0.3,0.3,0.2,5.2,531.0
289.0,Immanuel Quickley,2316240.0,SG,23.0,NYK,81.0,28.9,5.2,11.6,0.448,2.1,5.6,0.37,3.1,6.0,0.521,2.5,3.1,0.819,0.7,3.4,4.2,3.4,1.0,0.2,1.2,14.9,2344.0
290.0,John Konchar,2300000.0,SF,26.0,MEM,72.0,20.8,1.9,4.4,0.431,0.8,2.5,0.339,1.1,2.0,0.545,0.4,0.5,0.778,0.9,3.4,4.3,1.4,1.1,0.3,0.5,5.1,1494.0
291.0,Rodney McGruder,2298385.0,SG,31.0,DET,32.0,16.4,1.9,4.8,0.408,1.3,3.0,0.423,0.7,1.7,0.382,0.6,0.7,0.818,0.6,1.7,2.3,0.9,0.5,0.0,0.3,5.7,524.0
292.0,Bryn Forbes,2298385.0,SG,29.0,MIN,25.0,10.7,1.2,3.3,0.361,0.6,1.8,0.304,0.6,1.5,0.432,0.6,0.6,1.0,0.2,0.4,0.6,0.7,0.3,0.1,0.5,3.6,268.0
293.0,Damian Jones,2298385.0,C,27.0,LAL/UTA,41.0,11.6,1.3,2.1,0.64,0.2,0.4,0.588,1.1,1.7,0.652,0.5,0.7,0.759,1.0,2.0,3.0,0.4,0.2,0.5,0.6,3.5,477.0
294.0,Quentin Grimes,2277000.0,SG,22.0,NYK,71.0,29.9,4.0,8.5,0.468,2.2,5.7,0.386,1.8,2.7,0.641,1.1,1.4,0.796,0.7,2.5,3.2,2.1,0.7,0.4,1.0,11.3,2121.0
295.0,Saben Lee,2266640.0,PG,23.0,PHI/PHO,25.0,14.9,2.0,4.8,0.405,0.4,1.2,0.367,1.5,3.6,0.418,1.7,2.3,0.737,0.5,1.3,1.8,2.7,0.8,0.0,1.0,6.0,373.0
296.0,Andrew Nembhard,2244111.0,SG,23.0,IND,75.0,27.6,3.8,8.6,0.441,1.2,3.5,0.35,2.6,5.1,0.504,0.7,0.8,0.79,0.5,2.2,2.7,4.5,0.9,0.2,1.7,9.5,2073.0
297.0,Payton Pritchard,2239200.0,PG,25.0,BOS,48.0,13.4,2.1,5.1,0.412,1.2,3.2,0.364,0.9,1.9,0.495,0.3,0.3,0.75,0.5,1.3,1.8,1.3,0.3,0.0,0.8,5.6,643.0
298.0,Bones Hyland,2201520.0,PG,22.0,DEN/LAC,56.0,19.4,4.1,10.2,0.399,2.1,5.6,0.371,2.0,4.6,0.434,1.5,1.8,0.843,0.4,2.1,2.4,3.1,0.7,0.3,1.5,11.8,1085.0
299.0,Bol Bol,2200000.0,PF,23.0,ORL,70.0,21.5,3.7,6.8,0.546,0.4,1.6,0.265,3.3,5.2,0.633,1.2,1.5,0.759,1.0,4.8,5.8,1.0,0.4,1.2,1.6,9.1,1505.0
300.0,Peyton Watson,2193960.0,SG,20.0,DEN,23.0,8.1,1.3,2.6,0.492,0.3,0.6,0.429,1.0,2.0,0.511,0.5,0.9,0.55,0.3,1.3,1.6,0.5,0.1,0.5,0.3,3.3,186.0
301.0,Udoka Azubuike,2174880.0,C,23.0,UTA,36.0,10.0,1.6,2.0,0.819,0.0,0.0,,1.6,2.0,0.819,0.2,0.6,0.35,0.9,2.4,3.3,0.3,0.2,0.4,0.5,3.5,359.0
302.0,Jaden McDaniels,2161440.0,SF,22.0,MIN,79.0,30.6,4.7,9.1,0.517,1.4,3.4,0.398,3.3,5.7,0.588,1.3,1.8,0.736,1.2,2.7,3.9,1.9,0.9,1.0,1.4,12.1,2416.0
303.0,Jordan McLaughlin,2160000.0,PG,26.0,MIN,43.0,15.8,1.4,3.4,0.421,0.6,1.8,0.308,0.9,1.6,0.552,0.3,0.4,0.833,0.3,1.1,1.4,3.4,0.7,0.1,0.8,3.7,678.0
304.0,Malachi Flynn,2145720.0,PG,24.0,TOR,53.0,13.0,1.6,4.6,0.36,0.9,2.5,0.353,0.8,2.1,0.367,0.5,0.6,0.758,0.3,1.2,1.4,1.3,0.4,0.1,0.5,4.6,691.0
305.0,Cam Thomas,2138160.0,SG,21.0,BRK,57.0,16.6,3.5,8.0,0.441,0.9,2.3,0.383,2.6,5.7,0.464,2.6,3.1,0.868,0.1,1.5,1.7,1.4,0.4,0.1,1.1,10.6,948.0
306.0,Luke Kornet,2133278.0,C,27.0,BOS,69.0,11.7,1.6,2.5,0.665,0.0,0.2,0.231,1.6,2.3,0.701,0.5,0.6,0.821,1.2,1.6,2.9,0.8,0.2,0.7,0.4,3.8,804.0
307.0,Damion Lee,2133278.0,SG,30.0,PHO,74.0,20.4,2.7,6.1,0.442,1.5,3.3,0.445,1.2,2.8,0.439,1.3,1.4,0.904,0.5,2.5,3.0,1.3,0.4,0.1,1.1,8.2,1506.0
308.0,Juan Toscano-Anderson,2133278.0,SF,29.0,LAL/UTA,52.0,13.5,1.2,2.8,0.448,0.2,0.8,0.186,1.1,1.9,0.56,0.4,0.5,0.792,0.5,1.8,2.4,1.3,0.3,0.2,0.7,3.0,700.0
309.0,Desmond Bane,2130240.0,SG,24.0,MEM,58.0,31.7,7.8,16.2,0.479,2.9,7.0,0.408,4.9,9.2,0.534,3.1,3.5,0.883,0.7,4.3,5.0,4.4,1.0,0.4,2.2,21.5,1841.0
310.0,Jaden Springer,2125200.0,SG,20.0,PHI,16.0,5.6,1.1,2.2,0.486,0.1,0.3,0.4,0.9,1.9,0.5,0.4,0.5,0.75,0.4,0.5,0.9,0.5,0.4,0.2,0.2,2.6,89.0
311.0,Day'Ron Sharpe,2109480.0,C,21.0,BRK,48.0,11.5,1.9,3.6,0.544,0.1,0.2,0.545,1.8,3.3,0.544,0.7,1.1,0.636,2.1,2.1,4.2,0.8,0.3,0.7,0.9,4.7,552.0
313.0,Frank Ntilikina,2036318.0,SG,24.0,DAL,47.0,12.9,1.0,2.8,0.364,0.4,1.4,0.254,0.7,1.4,0.477,0.5,0.7,0.667,0.1,1.2,1.3,1.2,0.3,0.1,0.6,2.9,607.0
314.0,Garrison Mathews,2000000.0,SG,26.0,HOU/ATL,54.0,12.7,1.4,3.7,0.363,1.2,3.3,0.35,0.2,0.4,0.476,0.9,1.0,0.906,0.2,1.1,1.4,0.5,0.4,0.1,0.4,4.8,686.0
315.0,Jaylin Williams,2000000.0,C,20.0,OKC,49.0,18.7,2.1,4.8,0.436,0.9,2.3,0.407,1.1,2.5,0.463,0.8,1.1,0.704,0.9,4.0,4.9,1.6,0.6,0.2,0.8,5.9,914.0
316.0,Jeremiah Robinson-Earl,2000000.0,PF,22.0,OKC,43.0,18.9,2.6,5.8,0.444,0.9,2.6,0.333,1.7,3.2,0.533,0.8,1.0,0.833,1.7,2.5,4.2,1.0,0.6,0.3,0.4,6.8,814.0
317.0,Kenrich Williams,2000000.0,PF,28.0,OKC,53.0,22.8,3.4,6.5,0.517,0.9,2.5,0.373,2.4,4.0,0.608,0.3,0.7,0.436,1.8,3.1,4.9,2.0,0.8,0.3,0.6,8.0,1206.0
318.0,Caleb Houstan,2000000.0,SF,20.0,ORL,51.0,15.9,1.3,3.6,0.363,0.9,2.7,0.338,0.4,0.9,0.435,0.3,0.4,0.833,0.7,1.3,1.9,0.6,0.2,0.1,0.4,3.8,812.0
319.0,Shake Milton,1997718.0,SG,26.0,PHI,76.0,20.6,3.2,6.6,0.479,0.7,1.9,0.378,2.4,4.7,0.521,1.3,1.5,0.853,0.5,2.0,2.5,3.2,0.3,0.2,1.2,8.4,1567.0
320.0,Aaron Holiday,1968175.0,PG,26.0,ATL,63.0,13.4,1.5,3.5,0.418,0.6,1.4,0.409,0.9,2.1,0.424,0.4,0.5,0.844,0.4,0.8,1.2,1.4,0.6,0.2,0.6,3.9,845.0
321.0,Yuta Watanabe,1968175.0,SF,28.0,BRK,58.0,16.0,2.0,4.0,0.491,1.0,2.3,0.444,0.9,1.7,0.557,0.6,0.8,0.723,0.5,1.9,2.4,0.8,0.4,0.3,0.4,5.6,928.0
322.0,Edmond Sumner,1968175.0,SG,27.0,BRK,53.0,13.9,2.3,5.1,0.461,0.6,1.6,0.356,1.8,3.4,0.511,1.9,2.0,0.917,0.2,1.2,1.5,1.3,0.6,0.2,0.9,7.1,736.0
323.0,Theo Pinson,1968175.0,SG,27.0,DAL,40.0,8.1,0.8,2.2,0.356,0.6,1.6,0.355,0.2,0.6,0.36,0.3,0.3,0.846,0.3,1.3,1.6,1.2,0.2,0.0,0.3,2.4,323.0
324.0,Thomas Bryant,1968175.0,C,25.0,DEN/LAL,59.0,18.3,3.9,6.3,0.623,0.4,1.0,0.441,3.5,5.3,0.658,1.6,2.1,0.738,1.5,4.3,5.7,0.5,0.3,0.5,0.6,9.8,1081.0
325.0,Josh Okogie,1968175.0,SG,24.0,PHO,72.0,18.8,2.3,5.8,0.391,0.9,2.7,0.335,1.3,3.0,0.442,1.9,2.7,0.724,1.5,2.0,3.5,1.5,0.8,0.5,0.9,7.3,1350.0
326.0,Drew Eubanks,1968175.0,C,25.0,POR,78.0,20.3,2.7,4.3,0.641,0.1,0.2,0.389,2.7,4.1,0.655,1.1,1.6,0.664,1.7,3.7,5.4,1.3,0.5,1.3,0.9,6.6,1584.0
327.0,Dean Wade,1930681.0,PF,26.0,CLE,44.0,20.3,1.7,4.0,0.412,1.0,2.9,0.354,0.6,1.1,0.56,0.3,0.5,0.652,0.5,3.0,3.4,0.8,0.6,0.5,0.4,4.7,891.0
328.0,Terance Mann,1930681.0,SG,26.0,LAC,81.0,23.1,3.4,6.5,0.519,1.0,2.4,0.389,2.4,4.0,0.598,1.1,1.5,0.78,1.0,2.5,3.4,2.3,0.5,0.3,1.0,8.8,1872.0
329.0,Jaylen Nowell,1930681.0,SG,23.0,MIN,65.0,19.3,4.3,9.6,0.448,1.0,3.6,0.289,3.3,6.0,0.542,1.2,1.5,0.778,0.6,2.1,2.6,2.0,0.6,0.1,1.0,10.8,1252.0
330.0,Naz Reid,1930681.0,C,23.0,MIN,68.0,18.4,4.6,8.5,0.537,1.1,3.2,0.346,3.5,5.3,0.653,1.3,1.9,0.677,1.1,3.8,4.9,1.1,0.6,0.8,1.4,11.5,1251.0
331.0,Jalen McDaniels,1930681.0,SF,25.0,PHI/CHO,80.0,23.9,3.5,7.7,0.455,1.0,2.9,0.332,2.6,4.8,0.53,1.5,1.7,0.841,0.8,3.5,4.3,1.6,1.0,0.4,1.2,9.4,1913.0
332.0,Daniel Gafford,1930681.0,C,24.0,WAS,78.0,20.6,3.7,5.1,0.732,0.0,0.0,,3.7,5.1,0.732,1.6,2.4,0.679,2.1,3.5,5.6,1.1,0.4,1.3,1.1,9.0,1604.0
333.0,Chimezie Metu,1910860.0,PF,25.0,SAC,66.0,10.4,2.0,3.3,0.589,0.1,0.6,0.237,1.8,2.7,0.663,0.8,1.1,0.74,0.7,2.3,3.0,0.6,0.3,0.3,0.5,4.9,689.0
334.0,Davon Reed,1902133.0,SG,27.0,DEN/LAL,43.0,8.0,0.7,2.0,0.333,0.4,1.1,0.37,0.3,0.9,0.289,0.4,0.6,0.667,0.2,1.1,1.4,0.5,0.3,0.1,0.5,2.1,342.0
335.0,KZ Okpala,1902133.0,PF,23.0,SAC,35.0,7.1,0.5,1.1,0.421,0.2,0.6,0.333,0.3,0.5,0.529,0.2,0.2,0.875,0.2,0.8,1.0,0.4,0.2,0.2,0.2,1.3,248.0
336.0,Wenyen Gabriel,1878720.0,C,25.0,LAL,68.0,15.1,2.3,3.8,0.596,0.1,0.5,0.278,2.1,3.3,0.647,0.8,1.2,0.619,1.7,2.5,4.2,0.5,0.4,0.5,0.7,5.5,1024.0
337.0,Thanasis Antetokounmpo,1878720.0,PF,30.0,MIL,37.0,5.6,0.5,1.2,0.435,0.0,0.2,0.0,0.5,1.0,0.526,0.3,0.6,0.5,0.4,0.8,1.2,0.4,0.1,0.1,0.3,1.4,206.0
338.0,Moritz Wagner,1878720.0,C,25.0,ORL,57.0,19.5,3.5,6.9,0.5,0.9,2.9,0.313,2.6,4.1,0.631,2.7,3.2,0.841,1.2,3.3,4.5,1.5,0.6,0.2,1.2,10.5,1109.0
339.0,Keita Bates-Diop,1878720.0,PF,27.0,SAS,67.0,21.7,3.5,6.9,0.508,0.8,2.1,0.394,2.7,4.8,0.557,1.8,2.2,0.793,1.0,2.7,3.7,1.5,0.7,0.3,0.8,9.7,1452.0
340.0,Oshae Brissett,1846738.0,PF,24.0,IND,65.0,16.7,1.9,4.9,0.386,0.7,2.4,0.31,1.2,2.5,0.457,1.6,2.2,0.717,1.0,2.4,3.4,0.7,0.5,0.2,0.5,6.1,1083.0
341.0,Nathan Knight,1836090.0,C,25.0,MIN,38.0,7.7,1.2,2.1,0.568,0.2,0.6,0.364,1.0,1.6,0.644,1.0,1.5,0.684,0.6,0.9,1.5,0.3,0.3,0.2,0.6,3.7,291.0
342.0,Justin Jackson,1836090.0,SF,27.0,BOS,23.0,4.7,0.3,1.2,0.259,0.2,0.9,0.25,0.1,0.3,0.286,0.0,0.1,0.5,0.1,0.7,0.7,0.4,0.2,0.2,0.1,0.9,107.0
343.0,Isaiah Joe,1836090.0,SG,23.0,OKC,73.0,19.1,3.1,7.0,0.441,2.2,5.4,0.409,0.9,1.6,0.553,1.1,1.4,0.82,0.4,2.0,2.4,1.2,0.7,0.1,0.5,9.5,1395.0
344.0,Ryan Arcidiacono,1836090.0,PG,28.0,NYK/POR,20.0,8.6,0.5,1.9,0.243,0.4,1.2,0.348,0.1,0.7,0.071,0.0,0.0,,0.0,0.8,0.8,1.2,0.3,0.0,0.4,1.3,172.0
345.0,Anthony Gill,1836090.0,PF,30.0,WAS,59.0,10.6,1.2,2.2,0.538,0.1,0.5,0.138,1.1,1.7,0.65,0.8,1.1,0.731,0.6,1.1,1.7,0.6,0.1,0.2,0.3,3.3,624.0
346.0,Javonte Green,1815677.0,SF,29.0,CHI,32.0,15.0,1.9,3.4,0.565,0.4,1.1,0.371,1.5,2.3,0.658,0.9,1.4,0.667,0.8,1.9,2.8,0.7,0.8,0.7,0.6,5.2,480.0
347.0,Gabe Vincent,1815677.0,PG,26.0,MIA,68.0,25.9,3.4,8.3,0.402,1.7,5.1,0.334,1.6,3.2,0.512,1.0,1.1,0.872,0.4,1.7,2.1,2.5,0.9,0.1,1.4,9.4,1759.0
348.0,Max Strus,1815677.0,SF,26.0,MIA,80.0,28.4,4.1,9.9,0.41,2.5,7.0,0.35,1.6,2.8,0.559,1.0,1.1,0.876,0.6,2.6,3.2,2.1,0.5,0.2,0.9,11.5,2272.0
349.0,Nick Richards,1782621.0,C,25.0,CHO,65.0,18.7,3.0,4.8,0.629,0.0,0.0,1.0,3.0,4.8,0.628,2.1,2.8,0.749,2.3,4.1,6.4,0.6,0.2,1.1,0.9,8.2,1217.0
350.0,Lamar Stevens,1782621.0,SF,25.0,CLE,62.0,18.1,2.1,4.6,0.448,0.5,1.5,0.316,1.6,3.1,0.513,0.6,0.9,0.702,0.8,2.6,3.3,0.5,0.4,0.3,0.4,5.3,1120.0
351.0,Naji Marshall,1782621.0,SF,25.0,NOP,77.0,23.3,3.2,7.4,0.433,0.9,2.8,0.303,2.4,4.6,0.513,1.8,2.3,0.789,0.6,3.0,3.6,2.5,0.7,0.2,1.3,9.1,1792.0
352.0,Paul Reed,1782621.0,C,23.0,PHI,69.0,10.9,1.8,3.0,0.593,0.0,0.1,0.167,1.8,2.9,0.606,0.6,0.7,0.745,1.6,2.2,3.8,0.4,0.7,0.7,0.7,4.2,755.0
353.0,Tre Jones,1782621.0,PG,23.0,SAS,68.0,29.2,5.0,10.9,0.459,0.7,2.3,0.285,4.4,8.6,0.506,2.2,2.5,0.86,0.8,2.8,3.6,6.6,1.3,0.1,1.6,12.9,1984.0
354.0,Haywood Highsmith,1752638.0,PF,26.0,MIA,54.0,17.9,1.7,4.0,0.431,0.7,2.0,0.339,1.0,2.0,0.523,0.2,0.5,0.464,1.1,2.4,3.5,0.8,0.7,0.3,0.8,4.4,969.0
357.0,Terry Taylor,1703902.0,PF,23.0,CHI/IND,31.0,8.5,1.3,2.4,0.52,0.2,0.6,0.263,1.1,1.8,0.607,0.2,0.4,0.545,0.9,0.6,1.5,0.3,0.1,0.2,0.3,2.9,264.0
359.0,Jericho Sims,1639842.0,C,24.0,NYK,52.0,15.6,1.6,2.1,0.776,0.0,0.0,0.0,1.6,2.0,0.783,0.2,0.3,0.75,1.9,2.8,4.7,0.5,0.3,0.5,0.5,3.4,812.0
360.0,Sam Hauser,1637966.0,SF,25.0,BOS,80.0,16.1,2.3,5.0,0.455,1.8,4.2,0.418,0.5,0.8,0.656,0.2,0.2,0.706,0.4,2.1,2.6,0.9,0.4,0.3,0.4,6.4,1290.0
361.0,Kessler Edwards,1637966.0,SF,22.0,BRK/SAC,36.0,10.7,1.0,2.6,0.387,0.5,1.5,0.309,0.5,1.1,0.5,0.3,0.4,0.733,0.6,1.1,1.7,0.6,0.4,0.2,0.4,2.8,385.0
363.0,Vit Krejci,1563518.0,PG,22.0,ATL,29.0,5.7,0.5,1.3,0.405,0.2,0.7,0.238,0.3,0.6,0.625,0.0,0.1,0.5,0.2,0.7,0.9,0.6,0.2,0.0,0.2,1.2,165.0
364.0,JT Thor,1563518.0,PF,20.0,CHO,69.0,14.0,1.4,3.4,0.399,0.6,1.8,0.317,0.8,1.7,0.487,0.5,0.7,0.702,0.5,1.7,2.2,0.5,0.3,0.3,0.6,3.8,969.0
366.0,Ayo Dosunmu,1563518.0,SG,23.0,CHI,80.0,26.2,3.5,7.1,0.493,0.7,2.4,0.312,2.8,4.8,0.583,0.8,1.0,0.805,0.6,2.2,2.8,2.6,0.8,0.3,1.2,8.6,2098.0
367.0,Isaiah Livers,1563518.0,PF,24.0,DET,52.0,23.1,2.3,5.5,0.417,1.4,3.9,0.365,0.9,1.6,0.541,0.6,0.8,0.821,0.5,2.2,2.8,0.8,0.5,0.5,0.6,6.7,1199.0
368.0,Daishen Nix,1563518.0,PG,20.0,HOU,57.0,16.0,1.4,4.2,0.342,0.7,2.5,0.286,0.7,1.7,0.423,0.4,0.6,0.667,0.3,1.4,1.7,2.3,0.5,0.1,1.5,4.0,914.0
370.0,Austin Reaves,1563518.0,SG,24.0,LAL,64.0,28.8,4.0,7.7,0.529,1.3,3.4,0.398,2.7,4.3,0.631,3.6,4.1,0.864,0.5,2.5,3.0,3.4,0.5,0.3,1.5,13.0,1843.0
371.0,Jose Alvarado,1563518.0,PG,24.0,NOP,61.0,21.5,3.3,8.0,0.411,1.4,4.0,0.336,1.9,4.0,0.488,1.1,1.3,0.813,0.5,1.9,2.3,3.0,1.1,0.2,1.3,9.0,1310.0
372.0,Miles McBride,1563518.0,PG,22.0,NYK,64.0,11.9,1.2,3.4,0.358,0.6,2.1,0.299,0.6,1.3,0.457,0.4,0.7,0.667,0.2,0.6,0.8,1.1,0.6,0.1,0.4,3.5,760.0
373.0,Aaron Wiggins,1563518.0,SG,24.0,OKC,70.0,18.5,2.7,5.2,0.512,0.7,1.7,0.393,2.0,3.4,0.573,0.8,1.0,0.831,1.0,2.0,3.0,1.1,0.6,0.2,0.8,6.8,1297.0
374.0,Jock Landale,1563518.0,C,27.0,PHO,69.0,14.2,2.6,4.9,0.528,0.3,1.2,0.25,2.3,3.7,0.621,1.1,1.5,0.752,1.7,2.3,4.1,1.0,0.2,0.4,0.9,6.6,979.0
375.0,Trendon Watford,1563518.0,PF,22.0,POR,62.0,19.1,2.9,5.2,0.56,0.4,1.0,0.391,2.5,4.2,0.602,1.2,1.6,0.72,0.7,3.2,3.8,2.1,0.5,0.2,1.1,7.4,1182.0
376.0,Dalano Banton,1563518.0,PG,23.0,TOR,31.0,9.0,1.8,4.2,0.423,0.5,1.6,0.294,1.3,2.5,0.506,0.5,0.8,0.708,0.4,1.1,1.5,1.2,0.4,0.4,0.6,4.6,279.0
377.0,Christian Koloko,1500000.0,C,22.0,TOR,58.0,13.8,1.2,2.6,0.48,0.0,0.2,0.083,1.2,2.4,0.514,0.6,1.0,0.627,1.4,1.5,2.9,0.5,0.4,1.0,0.3,3.1,802.0
378.0,Bryce McGowens,1461055.0,SG,20.0,CHO,46.0,17.1,1.7,4.4,0.396,0.6,1.7,0.325,1.2,2.7,0.443,1.3,1.7,0.75,0.4,1.6,2.0,1.2,0.3,0.1,0.9,5.3,787.0
379.0,Jordan Goodwin,1280206.0,PG,24.0,WAS,62.0,17.8,2.5,5.7,0.448,0.6,1.9,0.322,1.9,3.8,0.511,0.9,1.1,0.768,0.9,2.4,3.3,2.7,0.9,0.4,0.9,6.6,1106.0
380.0,Kennedy Chandler,1200000.0,PG,20.0,MEM,36.0,7.8,1.0,2.3,0.422,0.1,0.4,0.133,0.9,1.9,0.485,0.2,0.4,0.462,0.3,0.8,1.1,1.6,0.3,0.1,0.5,2.2,281.0
381.0,Noah Vonleh,1160955.0,C,27.0,BOS,23.0,7.4,0.5,1.0,0.458,0.0,0.2,0.25,0.4,0.9,0.5,0.1,0.1,1.0,0.8,1.3,2.1,0.3,0.1,0.3,0.5,1.1,171.0
382.0,Sandro Mamukelashvili,1116112.0,C,23.0,SAS/MIL,43.0,15.3,2.3,5.3,0.422,0.7,2.3,0.303,1.6,3.0,0.511,0.9,1.3,0.684,1.6,2.7,4.3,1.4,0.3,0.3,0.8,6.1,660.0
384.0,Tyrese Martin,1017781.0,SG,23.0,ATL,16.0,4.1,0.6,1.4,0.391,0.1,0.4,0.143,0.5,1.0,0.5,0.1,0.1,1.0,0.3,0.4,0.8,0.1,0.1,0.0,0.1,1.3,66.0
385.0,Jaden Hardy,1017781.0,SG,20.0,DAL,48.0,14.8,3.0,6.9,0.438,1.3,3.3,0.404,1.7,3.7,0.469,1.4,1.6,0.823,0.2,1.6,1.9,1.4,0.4,0.1,1.0,8.8,708.0
387.0,Max Christie,1017781.0,SG,19.0,LAL,41.0,12.5,1.1,2.6,0.415,0.6,1.5,0.419,0.4,1.1,0.409,0.3,0.4,0.875,0.2,1.7,1.8,0.5,0.2,0.2,0.3,3.1,512.0
388.0,Josh Minott,1017781.0,SF,20.0,MIN,15.0,6.4,1.2,2.4,0.5,0.1,0.4,0.333,1.1,2.0,0.533,0.5,0.5,1.0,0.3,1.3,1.7,0.3,0.3,0.4,0.2,3.1,96.0
389.0,Jabari Walker,1017781.0,SF,20.0,POR,56.0,11.1,1.5,3.5,0.419,0.3,1.0,0.286,1.2,2.5,0.472,0.6,0.8,0.756,0.9,1.5,2.3,0.6,0.2,0.2,0.5,3.9,619.0
390.0,Eugene Omoruyi,1013119.0,SF,25.0,DET/OKC,40.0,16.1,2.5,5.7,0.443,0.6,2.2,0.281,1.9,3.5,0.547,1.3,1.9,0.68,1.1,1.7,2.8,0.7,0.7,0.1,0.9,7.0,645.0
391.0,Kris Dunn,1000001.0,PG,28.0,UTA,22.0,25.8,5.3,9.8,0.537,0.8,1.6,0.472,4.5,8.2,0.55,1.9,2.4,0.774,0.4,4.1,4.5,5.6,1.1,0.5,1.6,13.2,568.0
,,,,,,,,,,,,,,,,,,,,,,,,,,,,
,,,,,,,,,,,,,,,,,,,,,,,,,,,,
